Match,Winning Team,Player,Runs,Balls,M,4s,6s,SR,Match ID
India vs Australia,Australia,Rohit Sharma ,47,31,44,4,3,151.61,ODI # 4662
India vs Australia,Australia,Shubman Gill ,4,7,21,0,0,57.14,ODI # 4662
India vs Australia,Australia,Virat Kohli ,54,63,99,4,0,85.71,ODI # 4662
India vs Australia,Australia,Shreyas Iyer ,4,3,3,1,0,133.33,ODI # 4662
India vs Australia,Australia,KL Rahul ,66,107,133,1,0,61.68,ODI # 4662
India vs Australia,Australia,Ravindra Jadeja ,9,22,33,0,0,40.90,ODI # 4662
India vs Australia,Australia,Suryakumar Yadav ,18,28,57,1,0,64.28,ODI # 4662
India vs Australia,Australia,Mohammed Shami ,6,10,9,1,0,60.00,ODI # 4662
India vs Australia,Australia,Jasprit Bumrah ,1,3,5,0,0,33.33,ODI # 4662
India vs Australia,Australia,Kuldeep Yadav ,10,18,28,0,0,55.55,ODI # 4662
India vs Australia,Australia,Mohammed Siraj ,9,8,13,1,0,112.50,ODI # 4662
India vs Australia,Australia,David Warner ,7,3,6,1,0,233.33,ODI # 4662
India vs Australia,Australia,Travis Head ,137,120,166,15,4,114.16,ODI # 4662
India vs Australia,Australia,Mitchell Marsh ,15,15,15,1,1,100.00,ODI # 4662
India vs Australia,Australia,Steven Smith ,4,9,11,1,0,44.44,ODI # 4662
India vs Australia,Australia,Marnus Labuschagne ,58,110,133,4,0,52.72,ODI # 4662
India vs Australia,Australia,Glenn Maxwell ,2,1,1,0,0,200.00,ODI # 4662
Australia vs South Africa,Australia,Quinton de Kock ,3,14,27,0,0,21.42,ODI # 4667
Australia vs South Africa,Australia,Temba Bavuma ,0,4,5,0,0,0.00,ODI # 4667
Australia vs South Africa,Australia,Rassie van der Dussen ,6,31,53,0,0,19.35,ODI # 4667
Australia vs South Africa,Australia,Aiden Markram ,10,20,24,2,0,50.00,ODI # 4667
Australia vs South Africa,Australia,Heinrich Klaasen ,47,48,76,4,2,97.91,ODI # 4667
Australia vs South Africa,Australia,David Miller ,101,116,138,8,5,87.06,ODI # 4667
Australia vs South Africa,Australia,Marco Jansen ,0,1,1,0,0,0.00,ODI # 4667
Australia vs South Africa,Australia,Gerald Coetzee ,19,39,42,2,0,48.71,ODI # 4667
Australia vs South Africa,Australia,Keshav Maharaj ,4,8,13,0,0,50.00,ODI # 4667
Australia vs South Africa,Australia,Kagiso Rabada ,10,12,18,0,1,83.33,ODI # 4667
Australia vs South Africa,Australia,Tabraiz Shamsi ,1,5,11,0,0,20.00,ODI # 4667
Australia vs South Africa,Australia,Travis Head ,62,48,62,9,2,129.16,ODI # 4667
Australia vs South Africa,Australia,David Warner ,29,18,29,1,4,161.11,ODI # 4667
Australia vs South Africa,Australia,Mitchell Marsh ,0,6,5,0,0,0.00,ODI # 4667
Australia vs South Africa,Australia,Steven Smith ,30,62,102,2,0,48.38,ODI # 4667
Australia vs South Africa,Australia,Marnus Labuschagne ,18,31,28,2,0,58.06,ODI # 4667
Australia vs South Africa,Australia,Glenn Maxwell ,1,5,8,0,0,20.00,ODI # 4667
Australia vs South Africa,Australia,Josh Inglis ,28,49,66,3,0,57.14,ODI # 4667
Australia vs South Africa,Australia,Mitchell Starc ,16,38,61,2,0,42.10,ODI # 4667
Australia vs South Africa,Australia,Pat Cummins ,14,29,32,2,0,48.27,ODI # 4667
India vs New Zealand,India,Rohit Sharma ,47,29,40,4,4,162.06,ODI # 4678
India vs New Zealand,India,Shubman Gill ,80,66,116,8,3,121.21,ODI # 4678
India vs New Zealand,India,Virat Kohli ,117,113,149,9,2,103.53,ODI # 4678
India vs New Zealand,India,Shreyas Iyer ,105,70,114,4,8,150.00,ODI # 4678
India vs New Zealand,India,KL Rahul ,39,20,29,5,2,195.00,ODI # 4678
India vs New Zealand,India,Suryakumar Yadav ,1,2,2,0,0,50.00,ODI # 4678
India vs New Zealand,India,Devon Conway ,13,15,26,3,0,86.66,ODI # 4678
India vs New Zealand,India,Rachin Ravindra ,13,22,39,3,0,59.09,ODI # 4678
India vs New Zealand,India,Kane Williamson ,69,73,116,8,1,94.52,ODI # 4678
India vs New Zealand,India,Daryl Mitchell ,134,119,180,9,7,112.60,ODI # 4678
India vs New Zealand,India,Tom Latham ,0,2,1,0,0,0.00,ODI # 4678
India vs New Zealand,India,Glenn Phillips ,41,33,58,4,2,124.24,ODI # 4678
India vs New Zealand,India,Mark Chapman ,2,5,5,0,0,40.00,ODI # 4678
India vs New Zealand,India,Mitchell Santner ,9,10,20,0,0,90.00,ODI # 4678
India vs New Zealand,India,Tim Southee ,9,10,14,1,0,90.00,ODI # 4678
India vs New Zealand,India,Trent Boult ,2,2,5,0,0,100.00,ODI # 4678
India vs New Zealand,India,Lockie Ferguson ,6,3,2,0,1,200.00,ODI # 4678
India vs Netherlands,India,Rohit Sharma ,61,54,74,8,2,112.96,ODI # 4702
India vs Netherlands,India,Shubman Gill ,51,32,49,3,4,159.37,ODI # 4702
India vs Netherlands,India,Virat Kohli ,51,56,69,5,1,91.07,ODI # 4702
India vs Netherlands,India,Shreyas Iyer ,128,94,145,10,5,136.17,ODI # 4702
India vs Netherlands,India,KL Rahul ,102,64,98,11,4,159.37,ODI # 4702
India vs Netherlands,India,Suryakumar Yadav ,2,1,1,0,0,200.00,ODI # 4702
India vs Netherlands,India,Wesley Barresi ,4,5,8,0,0,80.00,ODI # 4702
India vs Netherlands,India,Max O'Dowd ,30,42,68,3,1,71.42,ODI # 4702
India vs Netherlands,India,Colin Ackermann ,35,32,46,6,0,109.37,ODI # 4702
India vs Netherlands,India,Sybrand Engelbrecht ,45,80,87,4,0,56.25,ODI # 4702
India vs Netherlands,India,Scott Edwards ,17,30,27,1,0,56.66,ODI # 4702
India vs Netherlands,India,Bas de Leede ,12,21,23,1,0,57.14,ODI # 4702
India vs Netherlands,India,Teja Nidamanuru ,54,39,65,1,6,138.46,ODI # 4702
India vs Netherlands,India,Logan van Beek ,16,15,20,2,0,106.66,ODI # 4702
India vs Netherlands,India,Roelof van der Merwe ,16,8,5,1,2,200.00,ODI # 4702
India vs Netherlands,India,Aryan Dutt ,5,11,9,0,0,45.45,ODI # 4702
India vs Netherlands,India,Paul van Meekeren ,3,4,7,0,0,75.00,ODI # 4702
England vs Pakistan,England,Dawid Malan ,31,39,61,5,0,79.48,ODI # 4701
England vs Pakistan,England,Jonny Bairstow ,59,61,81,7,1,96.72,ODI # 4701
England vs Pakistan,England,Joe Root ,60,72,115,4,0,83.33,ODI # 4701
England vs Pakistan,England,Ben Stokes ,84,76,85,11,2,110.52,ODI # 4701
England vs Pakistan,England,Jos Buttler ,27,18,39,3,1,150.00,ODI # 4701
England vs Pakistan,England,Harry Brook ,30,17,24,2,2,176.47,ODI # 4701
England vs Pakistan,England,Moeen Ali ,8,6,10,0,1,133.33,ODI # 4701
England vs Pakistan,England,Chris Woakes ,4,4,19,1,0,100.00,ODI # 4701
England vs Pakistan,England,David Willey ,15,5,5,2,1,300.00,ODI # 4701
England vs Pakistan,England,Gus Atkinson ,0,1,1,0,0,0.00,ODI # 4701
England vs Pakistan,England,Adil Rashid ,0,1,1,0,0,0.00,ODI # 4701
England vs Pakistan,England,Abdullah Shafique ,0,2,2,0,0,0.00,ODI # 4701
England vs Pakistan,England,Fakhar Zaman ,1,9,13,0,0,11.11,ODI # 4701
England vs Pakistan,England,Babar Azam ,38,45,58,6,0,84.44,ODI # 4701
England vs Pakistan,England,Mohammad Rizwan ,36,51,78,2,0,70.58,ODI # 4701
England vs Pakistan,England,Saud Shakeel ,29,37,52,4,0,78.37,ODI # 4701
England vs Pakistan,England,Agha Salman ,51,45,53,6,1,113.33,ODI # 4701
England vs Pakistan,England,Iftikhar Ahmed ,3,5,8,0,0,60.00,ODI # 4701
England vs Pakistan,England,Shadab Khan ,4,7,4,1,0,57.14,ODI # 4701
England vs Pakistan,England,Shaheen Shah Afridi ,25,23,23,3,1,108.69,ODI # 4701
England vs Pakistan,England,Mohammad Wasim ,16,14,33,2,1,114.28,ODI # 4701
England vs Pakistan,England,Haris Rauf ,35,23,27,3,3,152.17,ODI # 4701
Australia vs Bangladesh,Australia,Tanzid Hasan ,36,34,55,6,0,105.88,ODI # 4700
Australia vs Bangladesh,Australia,Litton Das ,36,45,76,5,0,80.00,ODI # 4700
Australia vs Bangladesh,Australia,Najmul Hossain Shanto ,45,57,59,6,0,78.94,ODI # 4700
Australia vs Bangladesh,Australia,Towhid Hridoy ,74,79,121,5,2,93.67,ODI # 4700
Australia vs Bangladesh,Australia,Mahmudullah ,32,28,34,1,3,114.28,ODI # 4700
Australia vs Bangladesh,Australia,Mushfiqur Rahim ,21,24,27,0,1,87.50,ODI # 4700
Australia vs Bangladesh,Australia,Mehidy Hasan Miraz ,29,20,33,4,0,145.00,ODI # 4700
Australia vs Bangladesh,Australia,Nasum Ahmed ,7,11,15,0,0,63.63,ODI # 4700
Australia vs Bangladesh,Australia,Mahedi Hasan ,2,3,4,0,0,66.66,ODI # 4700
Australia vs Bangladesh,Australia,Taskin Ahmed ,0,1,2,0,0,0.00,ODI # 4700
Australia vs Bangladesh,Australia,Travis Head ,10,11,11,2,0,90.90,ODI # 4700
Australia vs Bangladesh,Australia,David Warner ,53,61,90,6,0,86.88,ODI # 4700
Australia vs Bangladesh,Australia,Mitchell Marsh ,177,132,177,17,9,134.09,ODI # 4700
Australia vs Bangladesh,Australia,Steven Smith ,63,64,99,4,1,98.43,ODI # 4700
Afghanistan vs South Africa,South Africa,Rahmanullah Gurbaz ,25,22,45,3,1,113.63,ODI # 4699
Afghanistan vs South Africa,South Africa,Ibrahim Zadran ,15,30,52,3,0,50.00,ODI # 4699
Afghanistan vs South Africa,South Africa,Rahmat Shah ,26,46,58,2,0,56.52,ODI # 4699
Afghanistan vs South Africa,South Africa,Hashmatullah Shahidi ,2,7,5,0,0,28.57,ODI # 4699
Afghanistan vs South Africa,South Africa,Azmatullah Omarzai ,97,107,173,7,3,90.65,ODI # 4699
Afghanistan vs South Africa,South Africa,Ikram Alikhil ,12,14,16,1,1,85.71,ODI # 4699
Afghanistan vs South Africa,South Africa,Mohammad Nabi ,2,3,7,0,0,66.66,ODI # 4699
Afghanistan vs South Africa,South Africa,Rashid Khan ,14,30,42,0,0,46.66,ODI # 4699
Afghanistan vs South Africa,South Africa,Noor Ahmad ,26,32,36,4,0,81.25,ODI # 4699
Afghanistan vs South Africa,South Africa,Mujeeb Ur Rahman ,8,5,7,0,1,160.00,ODI # 4699
Afghanistan vs South Africa,South Africa,Naveen-ul-Haq ,2,4,12,0,0,50.00,ODI # 4699
Afghanistan vs South Africa,South Africa,Quinton de Kock ,41,47,58,2,3,87.23,ODI # 4699
Afghanistan vs South Africa,South Africa,Temba Bavuma ,23,28,49,3,0,82.14,ODI # 4699
Afghanistan vs South Africa,South Africa,Rassie van der Dussen ,76,95,141,6,1,80.00,ODI # 4699
Afghanistan vs South Africa,South Africa,Aiden Markram ,25,32,32,1,1,78.12,ODI # 4699
Afghanistan vs South Africa,South Africa,Heinrich Klaasen ,10,13,15,1,0,76.92,ODI # 4699
Afghanistan vs South Africa,South Africa,David Miller ,24,33,35,1,1,72.72,ODI # 4699
Afghanistan vs South Africa,South Africa,Andile Phehlukwayo ,39,37,46,1,3,105.40,ODI # 4699
New Zealand vs Sri Lanka,New Zealand,Pathum Nissanka ,2,8,9,0,0,25.00,ODI # 4698
New Zealand vs Sri Lanka,New Zealand,Kusal Perera ,51,28,46,9,2,182.14,ODI # 4698
New Zealand vs Sri Lanka,New Zealand,Kusal Mendis ,6,7,11,1,0,85.71,ODI # 4698
New Zealand vs Sri Lanka,New Zealand,Sadeera Samarawickrama ,1,2,2,0,0,50.00,ODI # 4698
New Zealand vs Sri Lanka,New Zealand,Charith Asalanka ,8,8,16,1,0,100.00,ODI # 4698
New Zealand vs Sri Lanka,New Zealand,Angelo Mathews ,16,27,33,2,0,59.25,ODI # 4698
New Zealand vs Sri Lanka,New Zealand,Dhananjaya de Silva ,19,24,36,2,1,79.16,ODI # 4698
New Zealand vs Sri Lanka,New Zealand,Chamika Karunaratne ,6,17,28,1,0,35.29,ODI # 4698
New Zealand vs Sri Lanka,New Zealand,Maheesh Theekshana ,38,91,109,3,0,41.75,ODI # 4698
New Zealand vs Sri Lanka,New Zealand,Dushmantha Chameera ,1,20,32,0,0,5.00,ODI # 4698
New Zealand vs Sri Lanka,New Zealand,Dilshan Madushanka ,19,48,56,2,0,39.58,ODI # 4698
New Zealand vs Sri Lanka,New Zealand,Devon Conway ,45,42,54,9,0,107.14,ODI # 4698
New Zealand vs Sri Lanka,New Zealand,Rachin Ravindra ,42,34,61,3,3,123.52,ODI # 4698
New Zealand vs Sri Lanka,New Zealand,Kane Williamson ,14,15,26,2,0,93.33,ODI # 4698
New Zealand vs Sri Lanka,New Zealand,Daryl Mitchell ,43,31,45,5,2,138.70,ODI # 4698
New Zealand vs Sri Lanka,New Zealand,Mark Chapman ,7,6,13,1,0,116.66,ODI # 4698
New Zealand vs Sri Lanka,New Zealand,Glenn Phillips ,17,10,15,3,0,170.00,ODI # 4698
New Zealand vs Sri Lanka,New Zealand,Tom Latham ,2,2,3,0,0,100.00,ODI # 4698
England vs Netherlands,England,Jonny Bairstow ,15,17,29,2,0,88.23,ODI # 4697
England vs Netherlands,England,Dawid Malan ,87,74,92,10,2,117.56,ODI # 4697
England vs Netherlands,England,Joe Root ,28,35,53,1,0,80.00,ODI # 4697
England vs Netherlands,England,Ben Stokes ,108,84,136,6,6,128.57,ODI # 4697
England vs Netherlands,England,Harry Brook ,11,16,19,2,0,68.75,ODI # 4697
England vs Netherlands,England,Jos Buttler ,5,11,12,0,0,45.45,ODI # 4697
England vs Netherlands,England,Moeen Ali ,4,15,20,0,0,26.66,ODI # 4697
England vs Netherlands,England,Chris Woakes ,51,45,66,5,1,113.33,ODI # 4697
England vs Netherlands,England,David Willey ,6,2,1,0,1,300.00,ODI # 4697
England vs Netherlands,England,Gus Atkinson ,2,1,7,0,0,200.00,ODI # 4697
England vs Netherlands,England,Adil Rashid ,1,1,3,0,0,100.00,ODI # 4697
England vs Netherlands,England,Wesley Barresi ,37,62,77,3,1,59.67,ODI # 4697
England vs Netherlands,England,Max O'Dowd ,5,11,20,1,0,45.45,ODI # 4697
England vs Netherlands,England,Colin Ackermann ,0,2,4,0,0,0.00,ODI # 4697
England vs Netherlands,England,Sybrand Engelbrecht ,33,49,73,3,1,67.34,ODI # 4697
England vs Netherlands,England,Scott Edwards ,38,42,67,3,1,90.47,ODI # 4697
England vs Netherlands,England,Bas de Leede ,10,12,11,2,0,83.33,ODI # 4697
England vs Netherlands,England,Teja Nidamanuru ,41,34,47,2,3,120.58,ODI # 4697
England vs Netherlands,England,Logan van Beek ,2,2,3,0,0,100.00,ODI # 4697
England vs Netherlands,England,Roelof van der Merwe ,0,4,3,0,0,0.00,ODI # 4697
England vs Netherlands,England,Aryan Dutt ,1,3,4,0,0,33.33,ODI # 4697
England vs Netherlands,England,Paul van Meekeren ,4,3,3,1,0,133.33,ODI # 4697
Afghanistan vs Australia,Australia,Rahmanullah Gurbaz ,21,25,38,2,0,84.00,ODI # 4696
Afghanistan vs Australia,Australia,Ibrahim Zadran ,129,143,217,8,3,90.20,ODI # 4696
Afghanistan vs Australia,Australia,Rahmat Shah ,30,44,61,1,0,68.18,ODI # 4696
Afghanistan vs Australia,Australia,Hashmatullah Shahidi ,26,43,50,2,0,60.46,ODI # 4696
Afghanistan vs Australia,Australia,Azmatullah Omarzai ,22,18,23,1,2,122.22,ODI # 4696
Afghanistan vs Australia,Australia,Mohammad Nabi ,12,10,15,0,1,120.00,ODI # 4696
Afghanistan vs Australia,Australia,Rashid Khan ,35,18,25,2,3,194.44,ODI # 4696
Afghanistan vs Australia,Australia,David Warner ,18,29,46,3,0,62.06,ODI # 4696
Afghanistan vs Australia,Australia,Travis Head ,0,2,5,0,0,0.00,ODI # 4696
Afghanistan vs Australia,Australia,Mitchell Marsh ,24,11,22,2,2,218.18,ODI # 4696
Afghanistan vs Australia,Australia,Marnus Labuschagne ,14,28,53,2,0,50.00,ODI # 4696
Afghanistan vs Australia,Australia,Josh Inglis ,0,1,1,0,0,0.00,ODI # 4696
Afghanistan vs Australia,Australia,Glenn Maxwell ,201,128,181,21,10,157.03,ODI # 4696
Afghanistan vs Australia,Australia,Marcus Stoinis ,6,7,13,1,0,85.71,ODI # 4696
Afghanistan vs Australia,Australia,Mitchell Starc ,3,7,8,0,0,42.85,ODI # 4696
Afghanistan vs Australia,Australia,Pat Cummins ,12,68,122,1,0,17.64,ODI # 4696
Bangladesh vs Sri Lanka,Bangladesh,Pathum Nissanka ,41,36,61,8,0,113.88,ODI # 4695
Bangladesh vs Sri Lanka,Bangladesh,Kusal Perera ,4,5,5,1,0,80.00,ODI # 4695
Bangladesh vs Sri Lanka,Bangladesh,Kusal Mendis ,19,30,49,1,1,63.33,ODI # 4695
Bangladesh vs Sri Lanka,Bangladesh,Sadeera Samarawickrama ,41,42,53,4,0,97.61,ODI # 4695
Bangladesh vs Sri Lanka,Bangladesh,Charith Asalanka ,108,105,159,6,5,102.85,ODI # 4695
Bangladesh vs Sri Lanka,Bangladesh,Angelo Mathews ,0,0,4,0,0,-,ODI # 4695
Bangladesh vs Sri Lanka,Bangladesh,Dhananjaya de Silva ,34,36,58,4,1,94.44,ODI # 4695
Bangladesh vs Sri Lanka,Bangladesh,Maheesh Theekshana ,21,31,35,3,0,67.74,ODI # 4695
Bangladesh vs Sri Lanka,Bangladesh,Dushmantha Chameera ,4,9,17,0,0,44.44,ODI # 4695
Bangladesh vs Sri Lanka,Bangladesh,Kasun Rajitha ,0,2,1,0,0,0.00,ODI # 4695
Bangladesh vs Sri Lanka,Bangladesh,Dilshan Madushanka ,0,1,3,0,0,0.00,ODI # 4695
Bangladesh vs Sri Lanka,Bangladesh,Tanzid Hasan ,9,5,11,2,0,180.00,ODI # 4695
Bangladesh vs Sri Lanka,Bangladesh,Litton Das ,23,22,36,2,2,104.54,ODI # 4695
Bangladesh vs Sri Lanka,Bangladesh,Najmul Hossain Shanto ,90,101,163,12,0,89.10,ODI # 4695
Bangladesh vs Sri Lanka,Bangladesh,Shakib Al Hasan ,82,65,128,12,2,126.15,ODI # 4695
Bangladesh vs Sri Lanka,Bangladesh,Mahmudullah ,22,23,37,3,1,95.65,ODI # 4695
Bangladesh vs Sri Lanka,Bangladesh,Mushfiqur Rahim ,10,13,21,1,0,76.92,ODI # 4695
Bangladesh vs Sri Lanka,Bangladesh,Towhid Hridoy ,15,7,22,0,2,214.28,ODI # 4695
Bangladesh vs Sri Lanka,Bangladesh,Mehidy Hasan Miraz ,3,5,9,0,0,60.00,ODI # 4695
Bangladesh vs Sri Lanka,Bangladesh,Tanzim Hasan Sakib ,5,6,6,1,0,83.33,ODI # 4695
India vs South Africa,India,Rohit Sharma ,40,24,32,6,2,166.66,ODI # 4694
India vs South Africa,India,Shubman Gill ,23,24,54,4,1,95.83,ODI # 4694
India vs South Africa,India,Virat Kohli ,101,121,195,10,0,83.47,ODI # 4694
India vs South Africa,India,Shreyas Iyer ,77,87,101,7,2,88.50,ODI # 4694
India vs South Africa,India,KL Rahul ,8,17,29,0,0,47.05,ODI # 4694
India vs South Africa,India,Suryakumar Yadav ,22,14,19,5,0,157.14,ODI # 4694
India vs South Africa,India,Ravindra Jadeja ,29,15,21,3,1,193.33,ODI # 4694
India vs South Africa,India,Quinton de Kock ,5,10,9,1,0,50.00,ODI # 4694
India vs South Africa,India,Temba Bavuma ,11,19,39,1,0,57.89,ODI # 4694
India vs South Africa,India,Rassie van der Dussen ,13,32,55,1,0,40.62,ODI # 4694
India vs South Africa,India,Aiden Markram ,9,6,6,2,0,150.00,ODI # 4694
India vs South Africa,India,Heinrich Klaasen ,1,11,12,0,0,9.09,ODI # 4694
India vs South Africa,India,David Miller ,11,11,17,2,0,100.00,ODI # 4694
India vs South Africa,India,Marco Jansen ,14,30,45,1,0,46.66,ODI # 4694
India vs South Africa,India,Keshav Maharaj ,7,11,7,1,0,63.63,ODI # 4694
India vs South Africa,India,Kagiso Rabada ,6,26,26,0,0,23.07,ODI # 4694
India vs South Africa,India,Lungi Ngidi ,0,3,7,0,0,0.00,ODI # 4694
India vs South Africa,India,Tabraiz Shamsi ,4,4,3,1,0,100.00,ODI # 4694
Australia vs England,Australia,Travis Head ,11,10,8,1,0,110.00,ODI # 4693
Australia vs England,Australia,David Warner ,15,16,29,1,1,93.75,ODI # 4693
Australia vs England,Australia,Steven Smith ,44,52,85,3,0,84.61,ODI # 4693
Australia vs England,Australia,Marnus Labuschagne ,71,83,111,7,0,85.54,ODI # 4693
Australia vs England,Australia,Josh Inglis ,3,6,5,0,0,50.00,ODI # 4693
Australia vs England,Australia,Cameron Green ,47,52,81,5,0,90.38,ODI # 4693
Australia vs England,Australia,Marcus Stoinis ,35,32,53,3,2,109.37,ODI # 4693
Australia vs England,Australia,Pat Cummins ,10,13,17,1,0,76.92,ODI # 4693
Australia vs England,Australia,Mitchell Starc ,10,13,30,0,0,76.92,ODI # 4693
Australia vs England,Australia,Adam Zampa ,29,19,23,4,0,152.63,ODI # 4693
Australia vs England,Australia,Josh Hazlewood ,1,1,1,0,0,100.00,ODI # 4693
Australia vs England,Australia,Jonny Bairstow ,0,1,1,0,0,0.00,ODI # 4693
Australia vs England,Australia,Dawid Malan ,50,64,99,4,1,78.12,ODI # 4693
Australia vs England,Australia,Joe Root ,13,17,23,2,0,76.47,ODI # 4693
Australia vs England,Australia,Ben Stokes ,64,90,128,2,3,71.11,ODI # 4693
Australia vs England,Australia,Jos Buttler ,1,7,10,0,0,14.28,ODI # 4693
Australia vs England,Australia,Moeen Ali ,42,43,61,6,0,97.67,ODI # 4693
Australia vs England,Australia,Liam Livingstone ,2,5,6,0,0,40.00,ODI # 4693
Australia vs England,Australia,Chris Woakes ,32,33,52,4,1,96.96,ODI # 4693
Australia vs England,Australia,David Willey ,15,14,19,3,0,107.14,ODI # 4693
Australia vs England,Australia,Adil Rashid ,20,15,23,1,1,133.33,ODI # 4693
Australia vs England,Australia,Mark Wood ,0,0,1,0,0,-,ODI # 4693
New Zealand vs Pakistan,Pakistan,Devon Conway ,35,39,48,6,0,89.74,ODI # 4692
New Zealand vs Pakistan,Pakistan,Rachin Ravindra ,108,94,170,15,1,114.89,ODI # 4692
New Zealand vs Pakistan,Pakistan,Kane Williamson ,95,79,111,10,2,120.25,ODI # 4692
New Zealand vs Pakistan,Pakistan,Daryl Mitchell ,29,18,32,4,1,161.11,ODI # 4692
New Zealand vs Pakistan,Pakistan,Mark Chapman ,39,27,42,7,0,144.44,ODI # 4692
New Zealand vs Pakistan,Pakistan,Glenn Phillips ,41,25,40,4,2,164.00,ODI # 4692
New Zealand vs Pakistan,Pakistan,Mitchell Santner ,26,17,27,0,2,152.94,ODI # 4692
New Zealand vs Pakistan,Pakistan,Tom Latham ,2,2,4,0,0,100.00,ODI # 4692
New Zealand vs Pakistan,Pakistan,Abdullah Shafique ,4,9,8,1,0,44.44,ODI # 4692
New Zealand vs Pakistan,Pakistan,Fakhar Zaman ,126,81,103,8,11,155.55,ODI # 4692
New Zealand vs Pakistan,Pakistan,Babar Azam ,66,63,93,6,2,104.76,ODI # 4692
Afghanistan vs Netherlands,Afghanistan,Wesley Barresi ,1,4,3,0,0,25.00,ODI # 4691
Afghanistan vs Netherlands,Afghanistan,Max O'Dowd ,42,40,50,9,0,105.00,ODI # 4691
Afghanistan vs Netherlands,Afghanistan,Colin Ackermann ,29,35,71,4,0,82.85,ODI # 4691
Afghanistan vs Netherlands,Afghanistan,Sybrand Engelbrecht ,58,86,85,6,0,67.44,ODI # 4691
Afghanistan vs Netherlands,Afghanistan,Scott Edwards ,0,1,1,0,0,0.00,ODI # 4691
Afghanistan vs Netherlands,Afghanistan,Bas de Leede ,3,6,5,0,0,50.00,ODI # 4691
Afghanistan vs Netherlands,Afghanistan,Saqib Zulfiqar ,3,15,19,0,0,20.00,ODI # 4691
Afghanistan vs Netherlands,Afghanistan,Logan van Beek ,2,13,16,0,0,15.38,ODI # 4691
Afghanistan vs Netherlands,Afghanistan,Roelof van der Merwe ,11,33,36,0,0,33.33,ODI # 4691
Afghanistan vs Netherlands,Afghanistan,Aryan Dutt ,10,22,42,0,0,45.45,ODI # 4691
Afghanistan vs Netherlands,Afghanistan,Paul van Meekeren ,4,24,18,0,0,16.66,ODI # 4691
Afghanistan vs Netherlands,Afghanistan,Rahmanullah Gurbaz ,10,11,24,2,0,90.90,ODI # 4691
Afghanistan vs Netherlands,Afghanistan,Ibrahim Zadran ,20,34,44,2,0,58.82,ODI # 4691
Afghanistan vs Netherlands,Afghanistan,Rahmat Shah ,52,54,74,8,0,96.29,ODI # 4691
Afghanistan vs Netherlands,Afghanistan,Hashmatullah Shahidi ,56,64,92,6,0,87.50,ODI # 4691
Afghanistan vs Netherlands,Afghanistan,Azmatullah Omarzai ,31,28,38,3,0,110.71,ODI # 4691
India vs Sri Lanka,India,Rohit Sharma ,4,2,2,1,0,200.00,ODI # 4690
India vs Sri Lanka,India,Shubman Gill ,92,92,136,11,2,100.00,ODI # 4690
India vs Sri Lanka,India,Virat Kohli ,88,94,139,11,0,93.61,ODI # 4690
India vs Sri Lanka,India,Shreyas Iyer ,82,56,84,3,6,146.42,ODI # 4690
India vs Sri Lanka,India,KL Rahul ,21,19,34,2,0,110.52,ODI # 4690
India vs Sri Lanka,India,Suryakumar Yadav ,12,9,13,2,0,133.33,ODI # 4690
India vs Sri Lanka,India,Ravindra Jadeja ,35,24,41,1,1,145.83,ODI # 4690
India vs Sri Lanka,India,Mohammed Shami ,2,4,11,0,0,50.00,ODI # 4690
India vs Sri Lanka,India,Jasprit Bumrah ,1,1,1,0,0,100.00,ODI # 4690
India vs Sri Lanka,India,Pathum Nissanka ,0,1,2,0,0,0.00,ODI # 4690
India vs Sri Lanka,India,Dimuth Karunaratne ,0,1,10,0,0,0.00,ODI # 4690
India vs Sri Lanka,India,Kusal Mendis ,1,10,21,0,0,10.00,ODI # 4690
India vs Sri Lanka,India,Sadeera Samarawickrama ,0,4,4,0,0,0.00,ODI # 4690
India vs Sri Lanka,India,Charith Asalanka ,1,24,42,0,0,4.16,ODI # 4690
India vs Sri Lanka,India,Angelo Mathews ,12,25,55,1,0,48.00,ODI # 4690
India vs Sri Lanka,India,Dushan Hemantha ,0,1,1,0,0,0.00,ODI # 4690
India vs Sri Lanka,India,Dushmantha Chameera ,0,6,10,0,0,0.00,ODI # 4690
India vs Sri Lanka,India,Maheesh Theekshana ,12,23,37,2,0,52.17,ODI # 4690
India vs Sri Lanka,India,Kasun Rajitha ,14,17,20,2,0,82.35,ODI # 4690
India vs Sri Lanka,India,Dilshan Madushanka ,5,6,4,1,0,83.33,ODI # 4690
New Zealand vs South Africa,South Africa,Quinton de Kock ,114,116,176,10,3,98.27,ODI # 4689
New Zealand vs South Africa,South Africa,Temba Bavuma ,24,28,37,4,1,85.71,ODI # 4689
New Zealand vs South Africa,South Africa,Rassie van der Dussen ,133,118,172,9,5,112.71,ODI # 4689
New Zealand vs South Africa,South Africa,David Miller ,53,30,48,2,4,176.66,ODI # 4689
New Zealand vs South Africa,South Africa,Heinrich Klaasen ,15,7,13,1,1,214.28,ODI # 4689
New Zealand vs South Africa,South Africa,Aiden Markram ,6,1,1,0,1,600.00,ODI # 4689
New Zealand vs South Africa,South Africa,Devon Conway ,2,6,13,0,0,33.33,ODI # 4689
New Zealand vs South Africa,South Africa,Will Young ,33,37,50,5,0,89.18,ODI # 4689
New Zealand vs South Africa,South Africa,Rachin Ravindra ,9,16,28,1,0,56.25,ODI # 4689
New Zealand vs South Africa,South Africa,Daryl Mitchell ,24,30,40,4,0,80.00,ODI # 4689
New Zealand vs South Africa,South Africa,Tom Latham ,4,15,18,0,0,26.66,ODI # 4689
New Zealand vs South Africa,South Africa,Glenn Phillips ,60,50,87,4,4,120.00,ODI # 4689
New Zealand vs South Africa,South Africa,Mitchell Santner ,7,18,14,1,0,38.88,ODI # 4689
New Zealand vs South Africa,South Africa,Tim Southee ,7,11,11,1,0,63.63,ODI # 4689
New Zealand vs South Africa,South Africa,James Neesham ,0,8,6,0,0,0.00,ODI # 4689
New Zealand vs South Africa,South Africa,Trent Boult ,9,14,17,1,0,64.28,ODI # 4689
New Zealand vs South Africa,South Africa,Matt Henry ,0,9,20,0,0,0.00,ODI # 4689
Bangladesh vs Pakistan,Pakistan,Tanzid Hasan ,0,5,7,0,0,0.00,ODI # 4688
Bangladesh vs Pakistan,Pakistan,Litton Das ,45,64,100,6,0,70.31,ODI # 4688
Bangladesh vs Pakistan,Pakistan,Najmul Hossain Shanto ,4,3,8,1,0,133.33,ODI # 4688
Bangladesh vs Pakistan,Pakistan,Mushfiqur Rahim ,5,8,18,1,0,62.50,ODI # 4688
Bangladesh vs Pakistan,Pakistan,Mahmudullah ,56,70,108,6,1,80.00,ODI # 4688
Bangladesh vs Pakistan,Pakistan,Shakib Al Hasan ,43,64,82,4,0,67.18,ODI # 4688
Bangladesh vs Pakistan,Pakistan,Towhid Hridoy ,7,3,9,0,1,233.33,ODI # 4688
Bangladesh vs Pakistan,Pakistan,Mehidy Hasan Miraz ,25,30,50,1,1,83.33,ODI # 4688
Bangladesh vs Pakistan,Pakistan,Taskin Ahmed ,6,13,20,0,0,46.15,ODI # 4688
Bangladesh vs Pakistan,Pakistan,Mustafizur Rahman ,3,7,11,0,0,42.85,ODI # 4688
Bangladesh vs Pakistan,Pakistan,Shoriful Islam ,1,4,8,0,0,25.00,ODI # 4688
Bangladesh vs Pakistan,Pakistan,Abdullah Shafique ,68,69,94,9,2,98.55,ODI # 4688
Bangladesh vs Pakistan,Pakistan,Fakhar Zaman ,81,74,126,3,7,109.45,ODI # 4688
Bangladesh vs Pakistan,Pakistan,Babar Azam ,9,16,20,1,0,56.25,ODI # 4688
Bangladesh vs Pakistan,Pakistan,Mohammad Rizwan ,26,21,27,4,0,123.80,ODI # 4688
Bangladesh vs Pakistan,Pakistan,Iftikhar Ahmed ,17,15,17,2,0,113.33,ODI # 4688
Afghanistan vs Sri Lanka,Afghanistan,Pathum Nissanka ,46,60,82,5,0,76.66,ODI # 4687
Afghanistan vs Sri Lanka,Afghanistan,Dimuth Karunaratne ,15,21,25,1,0,71.42,ODI # 4687
Afghanistan vs Sri Lanka,Afghanistan,Kusal Mendis ,39,50,91,3,0,78.00,ODI # 4687
Afghanistan vs Sri Lanka,Afghanistan,Sadeera Samarawickrama ,36,40,42,3,0,90.00,ODI # 4687
Afghanistan vs Sri Lanka,Afghanistan,Charith Asalanka ,22,28,48,2,0,78.57,ODI # 4687
Afghanistan vs Sri Lanka,Afghanistan,Dhananjaya de Silva ,14,26,24,1,0,53.84,ODI # 4687
Afghanistan vs Sri Lanka,Afghanistan,Angelo Mathews ,23,26,61,1,1,88.46,ODI # 4687
Afghanistan vs Sri Lanka,Afghanistan,Dushmantha Chameera ,1,4,5,0,0,25.00,ODI # 4687
Afghanistan vs Sri Lanka,Afghanistan,Maheesh Theekshana ,29,31,31,3,1,93.54,ODI # 4687
Afghanistan vs Sri Lanka,Afghanistan,Kasun Rajitha ,5,7,14,0,0,71.42,ODI # 4687
Afghanistan vs Sri Lanka,Afghanistan,Dilshan Madushanka ,0,4,5,0,0,0.00,ODI # 4687
Afghanistan vs Sri Lanka,Afghanistan,Rahmanullah Gurbaz ,0,4,2,0,0,0.00,ODI # 4687
Afghanistan vs Sri Lanka,Afghanistan,Ibrahim Zadran ,39,57,73,4,1,68.42,ODI # 4687
Afghanistan vs Sri Lanka,Afghanistan,Rahmat Shah ,62,74,121,7,0,83.78,ODI # 4687
Afghanistan vs Sri Lanka,Afghanistan,Hashmatullah Shahidi ,58,74,132,2,1,78.37,ODI # 4687
Afghanistan vs Sri Lanka,Afghanistan,Azmatullah Omarzai ,73,63,80,6,3,115.87,ODI # 4687
India vs England,India,Rohit Sharma ,87,101,162,10,3,86.13,ODI # 4686
India vs England,India,Shubman Gill ,9,13,18,1,0,69.23,ODI # 4686
India vs England,India,Virat Kohli ,0,9,12,0,0,0.00,ODI # 4686
India vs England,India,Shreyas Iyer ,4,16,21,0,0,25.00,ODI # 4686
India vs England,India,KL Rahul ,39,58,77,3,0,67.24,ODI # 4686
India vs England,India,Suryakumar Yadav ,49,47,75,4,1,104.25,ODI # 4686
India vs England,India,Ravindra Jadeja ,8,13,14,0,0,61.53,ODI # 4686
India vs England,India,Mohammed Shami ,1,5,4,0,0,20.00,ODI # 4686
India vs England,India,Jasprit Bumrah ,16,25,44,1,0,64.00,ODI # 4686
India vs England,India,Kuldeep Yadav ,9,13,18,1,0,69.23,ODI # 4686
India vs England,India,Jonny Bairstow ,14,23,53,2,0,60.86,ODI # 4686
India vs England,India,Dawid Malan ,16,17,25,2,1,94.11,ODI # 4686
India vs England,India,Joe Root ,0,1,2,0,0,0.00,ODI # 4686
India vs England,India,Ben Stokes ,0,10,14,0,0,0.00,ODI # 4686
India vs England,India,Jos Buttler ,10,23,33,1,0,43.47,ODI # 4686
India vs England,India,Moeen Ali ,15,31,55,0,0,48.38,ODI # 4686
India vs England,India,Liam Livingstone ,27,46,56,2,0,58.69,ODI # 4686
India vs England,India,Chris Woakes ,10,20,21,1,0,50.00,ODI # 4686
India vs England,India,David Willey ,16,17,29,0,2,94.11,ODI # 4686
India vs England,India,Adil Rashid ,13,20,19,2,0,65.00,ODI # 4686
India vs England,India,Mark Wood ,0,1,3,0,0,0.00,ODI # 4686
Bangladesh vs Netherlands,Netherlands,Vikramjit Singh ,3,9,7,0,0,33.33,ODI # 4685
Bangladesh vs Netherlands,Netherlands,Max O'Dowd ,0,3,11,0,0,0.00,ODI # 4685
Bangladesh vs Netherlands,Netherlands,Wesley Barresi ,41,41,49,8,0,100.00,ODI # 4685
Bangladesh vs Netherlands,Netherlands,Colin Ackermann ,15,33,50,1,0,45.45,ODI # 4685
Bangladesh vs Netherlands,Netherlands,Scott Edwards ,68,89,122,6,0,76.40,ODI # 4685
Bangladesh vs Netherlands,Netherlands,Bas de Leede ,17,32,49,2,0,53.12,ODI # 4685
Bangladesh vs Netherlands,Netherlands,Sybrand Engelbrecht ,35,61,72,3,0,57.37,ODI # 4685
Bangladesh vs Netherlands,Netherlands,Logan van Beek ,23,16,33,2,1,143.75,ODI # 4685
Bangladesh vs Netherlands,Netherlands,Shariz Ahmad ,6,8,13,0,0,75.00,ODI # 4685
Bangladesh vs Netherlands,Netherlands,Aryan Dutt ,9,6,7,0,1,150.00,ODI # 4685
Bangladesh vs Netherlands,Netherlands,Paul van Meekeren ,0,2,6,0,0,0.00,ODI # 4685
Bangladesh vs Netherlands,Netherlands,Litton Das ,3,12,20,0,0,25.00,ODI # 4685
Bangladesh vs Netherlands,Netherlands,Tanzid Hasan ,15,16,25,3,0,93.75,ODI # 4685
Bangladesh vs Netherlands,Netherlands,Mehidy Hasan Miraz ,35,40,51,5,1,87.50,ODI # 4685
Bangladesh vs Netherlands,Netherlands,Najmul Hossain Shanto ,9,18,27,2,0,50.00,ODI # 4685
Bangladesh vs Netherlands,Netherlands,Shakib Al Hasan ,5,14,14,0,0,35.71,ODI # 4685
Bangladesh vs Netherlands,Netherlands,Mushfiqur Rahim ,1,5,9,0,0,20.00,ODI # 4685
Bangladesh vs Netherlands,Netherlands,Mahmudullah ,20,41,70,2,0,48.78,ODI # 4685
Bangladesh vs Netherlands,Netherlands,Mahedi Hasan ,17,38,51,1,0,44.73,ODI # 4685
Bangladesh vs Netherlands,Netherlands,Taskin Ahmed ,11,35,49,1,0,31.42,ODI # 4685
Bangladesh vs Netherlands,Netherlands,Mustafizur Rahman ,20,35,34,2,1,57.14,ODI # 4685
Bangladesh vs Netherlands,Netherlands,Shoriful Islam ,0,0,1,0,0,-,ODI # 4685
Australia vs New Zealand,Australia,David Warner ,81,65,77,5,6,124.61,ODI # 4684
Australia vs New Zealand,Australia,Travis Head ,109,67,94,10,7,162.68,ODI # 4684
Australia vs New Zealand,Australia,Mitchell Marsh ,36,51,65,2,0,70.58,ODI # 4684
Australia vs New Zealand,Australia,Steven Smith ,18,17,19,2,0,105.88,ODI # 4684
Australia vs New Zealand,Australia,Marnus Labuschagne ,18,26,36,2,0,69.23,ODI # 4684
Australia vs New Zealand,Australia,Glenn Maxwell ,41,24,37,5,2,170.83,ODI # 4684
Australia vs New Zealand,Australia,Josh Inglis ,38,28,48,4,1,135.71,ODI # 4684
Australia vs New Zealand,Australia,Pat Cummins ,37,14,23,2,4,264.28,ODI # 4684
Australia vs New Zealand,Australia,Mitchell Starc ,1,3,7,0,0,33.33,ODI # 4684
Australia vs New Zealand,Australia,Adam Zampa ,0,3,2,0,0,0.00,ODI # 4684
Australia vs New Zealand,Australia,Josh Hazlewood ,0,0,1,0,0,-,ODI # 4684
Australia vs New Zealand,Australia,Devon Conway ,28,17,35,6,0,164.70,ODI # 4684
Australia vs New Zealand,Australia,Will Young ,32,37,44,4,1,86.48,ODI # 4684
Australia vs New Zealand,Australia,Rachin Ravindra ,116,89,137,9,5,130.33,ODI # 4684
Australia vs New Zealand,Australia,Daryl Mitchell ,54,51,59,6,1,105.88,ODI # 4684
Australia vs New Zealand,Australia,Tom Latham ,21,22,29,2,0,95.45,ODI # 4684
Australia vs New Zealand,Australia,Glenn Phillips ,12,16,21,1,0,75.00,ODI # 4684
Australia vs New Zealand,Australia,James Neesham ,58,39,64,3,3,148.71,ODI # 4684
Australia vs New Zealand,Australia,Mitchell Santner ,17,12,13,1,1,141.66,ODI # 4684
Australia vs New Zealand,Australia,Matt Henry ,9,8,14,1,0,112.50,ODI # 4684
Australia vs New Zealand,Australia,Trent Boult ,10,8,21,0,1,125.00,ODI # 4684
Australia vs New Zealand,Australia,Lockie Ferguson ,0,1,1,0,0,0.00,ODI # 4684
Pakistan vs South Africa,South Africa,Abdullah Shafique ,9,17,21,1,0,52.94,ODI # 4683
Pakistan vs South Africa,South Africa,Imam-ul-Haq ,12,18,35,2,0,66.66,ODI # 4683
Pakistan vs South Africa,South Africa,Babar Azam ,50,65,100,4,1,76.92,ODI # 4683
Pakistan vs South Africa,South Africa,Mohammad Rizwan ,31,27,35,4,1,114.81,ODI # 4683
Pakistan vs South Africa,South Africa,Iftikhar Ahmed ,21,31,38,1,1,67.74,ODI # 4683
Pakistan vs South Africa,South Africa,Saud Shakeel ,52,52,81,7,0,100.00,ODI # 4683
Pakistan vs South Africa,South Africa,Shadab Khan ,43,36,53,3,2,119.44,ODI # 4683
Pakistan vs South Africa,South Africa,Mohammad Nawaz ,24,24,32,1,2,100.00,ODI # 4683
Pakistan vs South Africa,South Africa,Shaheen Shah Afridi ,2,4,10,0,0,50.00,ODI # 4683
Pakistan vs South Africa,South Africa,Mohammad Wasim ,7,9,13,0,1,77.77,ODI # 4683
Pakistan vs South Africa,South Africa,Haris Rauf ,0,1,5,0,0,0.00,ODI # 4683
Pakistan vs South Africa,South Africa,Temba Bavuma ,28,27,49,4,1,103.70,ODI # 4683
Pakistan vs South Africa,South Africa,Quinton de Kock ,24,14,19,5,0,171.42,ODI # 4683
Pakistan vs South Africa,South Africa,Rassie van der Dussen ,21,39,71,0,0,53.84,ODI # 4683
Pakistan vs South Africa,South Africa,Aiden Markram ,91,93,151,7,3,97.84,ODI # 4683
Pakistan vs South Africa,South Africa,Heinrich Klaasen ,12,10,12,0,1,120.00,ODI # 4683
Pakistan vs South Africa,South Africa,David Miller ,29,33,55,2,2,87.87,ODI # 4683
Pakistan vs South Africa,South Africa,Marco Jansen ,20,14,18,2,1,142.85,ODI # 4683
Pakistan vs South Africa,South Africa,Gerald Coetzee ,10,13,23,0,0,76.92,ODI # 4683
Pakistan vs South Africa,South Africa,Keshav Maharaj ,7,21,44,1,0,33.33,ODI # 4683
Pakistan vs South Africa,South Africa,Lungi Ngidi ,4,14,24,0,0,28.57,ODI # 4683
Pakistan vs South Africa,South Africa,Tabraiz Shamsi ,4,6,14,0,0,66.66,ODI # 4683
England vs Sri Lanka,Sri Lanka,Jonny Bairstow ,30,31,64,3,0,96.77,ODI # 4682
England vs Sri Lanka,Sri Lanka,Dawid Malan ,28,25,32,6,0,112.00,ODI # 4682
England vs Sri Lanka,Sri Lanka,Joe Root ,3,10,14,0,0,30.00,ODI # 4682
England vs Sri Lanka,Sri Lanka,Ben Stokes ,43,73,98,6,0,58.90,ODI # 4682
England vs Sri Lanka,Sri Lanka,Jos Buttler ,8,6,6,1,0,133.33,ODI # 4682
England vs Sri Lanka,Sri Lanka,Liam Livingstone ,1,6,9,0,0,16.66,ODI # 4682
England vs Sri Lanka,Sri Lanka,Moeen Ali ,15,15,33,1,0,100.00,ODI # 4682
England vs Sri Lanka,Sri Lanka,Chris Woakes ,0,4,8,0,0,0.00,ODI # 4682
England vs Sri Lanka,Sri Lanka,David Willey ,14,17,34,1,1,82.35,ODI # 4682
England vs Sri Lanka,Sri Lanka,Adil Rashid ,2,7,7,0,0,28.57,ODI # 4682
England vs Sri Lanka,Sri Lanka,Mark Wood ,5,6,6,1,0,83.33,ODI # 4682
England vs Sri Lanka,Sri Lanka,Pathum Nissanka ,77,83,110,7,2,92.77,ODI # 4682
England vs Sri Lanka,Sri Lanka,Kusal Perera ,4,5,8,1,0,80.00,ODI # 4682
England vs Sri Lanka,Sri Lanka,Kusal Mendis ,11,12,15,2,0,91.66,ODI # 4682
England vs Sri Lanka,Sri Lanka,Sadeera Samarawickrama ,65,54,84,7,1,120.37,ODI # 4682
Australia vs Netherlands,Australia,Mitchell Marsh ,9,15,15,2,0,60.00,ODI # 4681
Australia vs Netherlands,Australia,David Warner ,104,93,182,11,3,111.82,ODI # 4681
Australia vs Netherlands,Australia,Steven Smith ,71,68,88,9,1,104.41,ODI # 4681
Australia vs Netherlands,Australia,Marnus Labuschagne ,62,47,60,7,2,131.91,ODI # 4681
Australia vs Netherlands,Australia,Josh Inglis ,14,12,12,1,1,116.66,ODI # 4681
Australia vs Netherlands,Australia,Glenn Maxwell ,106,44,53,9,8,240.90,ODI # 4681
Australia vs Netherlands,Australia,Cameron Green ,8,11,15,1,0,72.72,ODI # 4681
Australia vs Netherlands,Australia,Pat Cummins ,12,9,39,2,0,133.33,ODI # 4681
Australia vs Netherlands,Australia,Mitchell Starc ,0,1,1,0,0,0.00,ODI # 4681
Australia vs Netherlands,Australia,Adam Zampa ,1,1,2,0,0,100.00,ODI # 4681
Australia vs Netherlands,Australia,Vikramjit Singh ,25,25,28,6,0,100.00,ODI # 4681
Australia vs Netherlands,Australia,Max O'Dowd ,6,9,21,1,0,66.66,ODI # 4681
Australia vs Netherlands,Australia,Colin Ackermann ,10,11,21,2,0,90.90,ODI # 4681
Australia vs Netherlands,Australia,Sybrand Engelbrecht ,11,21,36,1,0,52.38,ODI # 4681
Australia vs Netherlands,Australia,Bas de Leede ,4,7,7,1,0,57.14,ODI # 4681
Australia vs Netherlands,Australia,Scott Edwards ,12,22,53,0,0,54.54,ODI # 4681
Australia vs Netherlands,Australia,Teja Nidamanuru ,14,18,19,2,0,77.77,ODI # 4681
Australia vs Netherlands,Australia,Logan van Beek ,0,3,3,0,0,0.00,ODI # 4681
Australia vs Netherlands,Australia,Roelof van der Merwe ,0,1,1,0,0,0.00,ODI # 4681
Australia vs Netherlands,Australia,Aryan Dutt ,1,8,9,0,0,12.50,ODI # 4681
Australia vs Netherlands,Australia,Paul van Meekeren ,0,1,2,0,0,0.00,ODI # 4681
Bangladesh vs South Africa,South Africa,Quinton de Kock ,174,140,192,15,7,124.28,ODI # 4680
Bangladesh vs South Africa,South Africa,Reeza Hendricks ,12,19,24,1,0,63.15,ODI # 4680
Bangladesh vs South Africa,South Africa,Rassie van der Dussen ,1,7,6,0,0,14.28,ODI # 4680
Bangladesh vs South Africa,South Africa,Aiden Markram ,60,69,84,7,0,86.95,ODI # 4680
Bangladesh vs South Africa,South Africa,Heinrich Klaasen ,90,49,94,2,8,183.67,ODI # 4680
Bangladesh vs South Africa,South Africa,David Miller ,34,15,26,1,4,226.66,ODI # 4680
Bangladesh vs South Africa,South Africa,Marco Jansen ,1,1,3,0,0,100.00,ODI # 4680
Bangladesh vs South Africa,South Africa,Tanzid Hasan ,12,17,30,1,0,70.58,ODI # 4680
Bangladesh vs South Africa,South Africa,Litton Das ,22,44,78,3,1,50.00,ODI # 4680
Bangladesh vs South Africa,South Africa,Najmul Hossain Shanto ,0,1,1,0,0,0.00,ODI # 4680
Bangladesh vs South Africa,South Africa,Shakib Al Hasan ,1,4,4,0,0,25.00,ODI # 4680
Bangladesh vs South Africa,South Africa,Mushfiqur Rahim ,8,17,24,1,0,47.05,ODI # 4680
Bangladesh vs South Africa,South Africa,Mahmudullah ,111,111,150,11,4,100.00,ODI # 4680
Bangladesh vs South Africa,South Africa,Mehidy Hasan Miraz ,11,19,26,1,0,57.89,ODI # 4680
Bangladesh vs South Africa,South Africa,Nasum Ahmed ,19,19,27,3,0,100.00,ODI # 4680
Bangladesh vs South Africa,South Africa,Hasan Mahmud ,15,25,32,2,0,60.00,ODI # 4680
Bangladesh vs South Africa,South Africa,Mustafizur Rahman ,11,21,51,2,0,52.38,ODI # 4680
Bangladesh vs South Africa,South Africa,Shoriful Islam ,6,4,4,1,0,150.00,ODI # 4680
Afghanistan vs Pakistan,Afghanistan,Abdullah Shafique ,58,75,89,5,2,77.33,ODI # 4679
Afghanistan vs Pakistan,Afghanistan,Imam-ul-Haq ,17,22,44,2,0,77.27,ODI # 4679
Afghanistan vs Pakistan,Afghanistan,Babar Azam ,74,92,121,4,1,80.43,ODI # 4679
Afghanistan vs Pakistan,Afghanistan,Mohammad Rizwan ,8,10,8,0,1,80.00,ODI # 4679
Afghanistan vs Pakistan,Afghanistan,Saud Shakeel ,25,34,35,3,0,73.52,ODI # 4679
Afghanistan vs Pakistan,Afghanistan,Shadab Khan ,40,38,75,1,1,105.26,ODI # 4679
Afghanistan vs Pakistan,Afghanistan,Iftikhar Ahmed ,40,27,40,2,4,148.14,ODI # 4679
Afghanistan vs Pakistan,Afghanistan,Shaheen Shah Afridi ,3,3,4,0,0,100.00,ODI # 4679
Afghanistan vs Pakistan,Afghanistan,Rahmanullah Gurbaz ,65,53,91,9,1,122.64,ODI # 4679
Afghanistan vs Pakistan,Afghanistan,Ibrahim Zadran ,87,113,146,10,0,76.99,ODI # 4679
Afghanistan vs Pakistan,Afghanistan,Rahmat Shah ,77,84,129,5,2,91.66,ODI # 4679
Afghanistan vs Pakistan,Afghanistan,Hashmatullah Shahidi ,48,45,74,4,0,106.66,ODI # 4679
India vs New Zealand,India,Devon Conway ,0,9,16,0,0,0.00,ODI # 4678
India vs New Zealand,India,Will Young ,17,27,41,3,0,62.96,ODI # 4678
India vs New Zealand,India,Rachin Ravindra ,75,87,133,6,1,86.20,ODI # 4678
India vs New Zealand,India,Daryl Mitchell ,130,127,192,9,5,102.36,ODI # 4678
India vs New Zealand,India,Tom Latham ,5,7,16,1,0,71.42,ODI # 4678
India vs New Zealand,India,Glenn Phillips ,23,26,36,0,1,88.46,ODI # 4678
India vs New Zealand,India,Mark Chapman ,6,8,11,0,0,75.00,ODI # 4678
India vs New Zealand,India,Mitchell Santner ,1,2,3,0,0,50.00,ODI # 4678
India vs New Zealand,India,Matt Henry ,0,1,1,0,0,0.00,ODI # 4678
India vs New Zealand,India,Lockie Ferguson ,1,5,12,0,0,20.00,ODI # 4678
India vs New Zealand,India,Trent Boult ,0,1,1,0,0,0.00,ODI # 4678
India vs New Zealand,India,Rohit Sharma ,46,40,44,4,4,115.00,ODI # 4678
India vs New Zealand,India,Shubman Gill ,26,31,53,5,0,83.87,ODI # 4678
India vs New Zealand,India,Virat Kohli ,95,104,154,8,2,91.34,ODI # 4678
India vs New Zealand,India,Shreyas Iyer ,33,29,32,6,0,113.79,ODI # 4678
India vs New Zealand,India,KL Rahul ,27,35,43,3,0,77.14,ODI # 4678
India vs New Zealand,India,Suryakumar Yadav ,2,4,8,0,0,50.00,ODI # 4678
India vs New Zealand,India,Ravindra Jadeja ,39,44,63,3,1,88.63,ODI # 4678
India vs New Zealand,India,Mohammed Shami ,1,1,2,0,0,100.00,ODI # 4678
England vs South Africa,South Africa,Quinton de Kock ,4,2,3,1,0,200.00,ODI # 4677
England vs South Africa,South Africa,Reeza Hendricks ,85,75,111,9,3,113.33,ODI # 4677
England vs South Africa,South Africa,Rassie van der Dussen ,60,61,86,8,0,98.36,ODI # 4677
England vs South Africa,South Africa,Aiden Markram ,42,44,63,4,0,95.45,ODI # 4677
England vs South Africa,South Africa,Heinrich Klaasen ,109,67,119,12,4,162.68,ODI # 4677
England vs South Africa,South Africa,David Miller ,5,6,7,1,0,83.33,ODI # 4677
England vs South Africa,South Africa,Marco Jansen ,75,42,72,3,6,178.57,ODI # 4677
England vs South Africa,South Africa,Gerald Coetzee ,3,3,2,0,0,100.00,ODI # 4677
England vs South Africa,South Africa,Keshav Maharaj ,1,1,1,0,0,100.00,ODI # 4677
England vs South Africa,South Africa,Jonny Bairstow ,10,12,13,1,1,83.33,ODI # 4677
England vs South Africa,South Africa,Dawid Malan ,6,11,30,1,0,54.54,ODI # 4677
England vs South Africa,South Africa,Joe Root ,2,6,9,0,0,33.33,ODI # 4677
England vs South Africa,South Africa,Ben Stokes ,5,8,20,1,0,62.50,ODI # 4677
England vs South Africa,South Africa,Harry Brook ,17,25,33,2,1,68.00,ODI # 4677
England vs South Africa,South Africa,Jos Buttler ,15,7,14,2,1,214.28,ODI # 4677
England vs South Africa,South Africa,David Willey ,12,12,24,1,1,100.00,ODI # 4677
England vs South Africa,South Africa,Adil Rashid ,10,14,14,1,0,71.42,ODI # 4677
England vs South Africa,South Africa,Gus Atkinson ,35,21,31,7,0,166.66,ODI # 4677
England vs South Africa,South Africa,Mark Wood ,43,17,25,2,5,252.94,ODI # 4677
England vs South Africa,South Africa,Reece Topley ,-,-,-,-,-,-,ODI # 4677
Netherlands vs Sri Lanka,Sri Lanka,Vikramjit Singh ,4,13,17,1,0,30.76,ODI # 4676
Netherlands vs Sri Lanka,Sri Lanka,Max O'Dowd ,16,27,50,1,1,59.25,ODI # 4676
Netherlands vs Sri Lanka,Sri Lanka,Colin Ackermann ,29,31,42,5,0,93.54,ODI # 4676
Netherlands vs Sri Lanka,Sri Lanka,Bas de Leede ,6,21,33,0,0,28.57,ODI # 4676
Netherlands vs Sri Lanka,Sri Lanka,Teja Nidamanuru ,9,16,32,0,0,56.25,ODI # 4676
Netherlands vs Sri Lanka,Sri Lanka,Scott Edwards ,16,16,22,0,0,100.00,ODI # 4676
Netherlands vs Sri Lanka,Sri Lanka,Sybrand Engelbrecht ,70,82,100,4,1,85.36,ODI # 4676
Netherlands vs Sri Lanka,Sri Lanka,Logan van Beek ,59,75,108,1,1,78.66,ODI # 4676
Netherlands vs Sri Lanka,Sri Lanka,Roelof van der Merwe ,7,7,12,0,0,100.00,ODI # 4676
Netherlands vs Sri Lanka,Sri Lanka,Aryan Dutt ,9,6,14,1,0,150.00,ODI # 4676
Netherlands vs Sri Lanka,Sri Lanka,Paul van Meekeren ,4,5,6,0,0,80.00,ODI # 4676
Netherlands vs Sri Lanka,Sri Lanka,Pathum Nissanka ,54,52,69,9,0,103.84,ODI # 4676
Netherlands vs Sri Lanka,Sri Lanka,Kusal Perera ,5,8,17,1,0,62.50,ODI # 4676
Netherlands vs Sri Lanka,Sri Lanka,Kusal Mendis ,11,17,22,2,0,64.70,ODI # 4676
Netherlands vs Sri Lanka,Sri Lanka,Sadeera Samarawickrama ,91,107,168,7,0,85.04,ODI # 4676
Netherlands vs Sri Lanka,Sri Lanka,Charith Asalanka ,44,66,70,2,1,66.66,ODI # 4676
Netherlands vs Sri Lanka,Sri Lanka,Dhananjaya de Silva ,30,37,57,1,2,81.08,ODI # 4676
Netherlands vs Sri Lanka,Sri Lanka,Dushan Hemantha ,4,3,7,1,0,133.33,ODI # 4676
Australia vs Pakistan,Australia,David Warner ,163,124,180,14,9,131.45,ODI # 4675
Australia vs Pakistan,Australia,Mitchell Marsh ,121,108,139,10,9,112.03,ODI # 4675
Australia vs Pakistan,Australia,Glenn Maxwell ,0,1,1,0,0,0.00,ODI # 4675
Australia vs Pakistan,Australia,Steven Smith ,7,9,17,0,0,77.77,ODI # 4675
Australia vs Pakistan,Australia,Marcus Stoinis ,21,24,46,1,1,87.50,ODI # 4675
Australia vs Pakistan,Australia,Josh Inglis ,13,9,10,3,0,144.44,ODI # 4675
Australia vs Pakistan,Australia,Marnus Labuschagne ,8,12,23,1,0,66.66,ODI # 4675
Australia vs Pakistan,Australia,Pat Cummins ,6,8,17,0,0,75.00,ODI # 4675
Australia vs Pakistan,Australia,Mitchell Starc ,2,3,3,0,0,66.66,ODI # 4675
Australia vs Pakistan,Australia,Josh Hazlewood ,0,1,1,0,0,0.00,ODI # 4675
Australia vs Pakistan,Australia,Adam Zampa ,1,1,4,0,0,100.00,ODI # 4675
Australia vs Pakistan,Australia,Abdullah Shafique ,64,61,93,7,2,104.91,ODI # 4675
Australia vs Pakistan,Australia,Imam-ul-Haq ,70,71,107,10,0,98.59,ODI # 4675
Australia vs Pakistan,Australia,Babar Azam ,18,14,27,3,0,128.57,ODI # 4675
Australia vs Pakistan,Australia,Mohammad Rizwan ,46,40,84,5,0,115.00,ODI # 4675
Australia vs Pakistan,Australia,Saud Shakeel ,30,31,37,5,0,96.77,ODI # 4675
Australia vs Pakistan,Australia,Iftikhar Ahmed ,26,20,22,0,3,130.00,ODI # 4675
Australia vs Pakistan,Australia,Mohammad Nawaz ,14,16,19,0,1,87.50,ODI # 4675
Australia vs Pakistan,Australia,Usama Mir ,0,3,4,0,0,0.00,ODI # 4675
Australia vs Pakistan,Australia,Shaheen Shah Afridi ,10,8,17,2,0,125.00,ODI # 4675
Australia vs Pakistan,Australia,Hasan Ali ,8,8,7,2,0,100.00,ODI # 4675
Australia vs Pakistan,Australia,Haris Rauf ,0,1,3,0,0,0.00,ODI # 4675
India vs Bangladesh,India,Tanzid Hasan ,51,43,75,5,3,118.60,ODI # 4674
India vs Bangladesh,India,Litton Das ,66,82,124,7,0,80.48,ODI # 4674
India vs Bangladesh,India,Najmul Hossain Shanto ,8,17,18,0,0,47.05,ODI # 4674
India vs Bangladesh,India,Mehidy Hasan Miraz ,3,13,15,0,0,23.07,ODI # 4674
India vs Bangladesh,India,Towhid Hridoy ,16,35,54,0,0,45.71,ODI # 4674
India vs Bangladesh,India,Mushfiqur Rahim ,38,46,60,1,1,82.60,ODI # 4674
India vs Bangladesh,India,Mahmudullah ,46,36,60,3,3,127.77,ODI # 4674
India vs Bangladesh,India,Nasum Ahmed ,14,18,21,2,0,77.77,ODI # 4674
India vs Bangladesh,India,Mustafizur Rahman ,1,7,19,0,0,14.28,ODI # 4674
India vs Bangladesh,India,Shoriful Islam ,7,3,2,0,1,233.33,ODI # 4674
India vs Bangladesh,India,Rohit Sharma ,48,40,51,7,2,120.00,ODI # 4674
India vs Bangladesh,India,Shubman Gill ,53,55,80,5,2,96.36,ODI # 4674
India vs Bangladesh,India,Virat Kohli ,103,97,113,6,4,106.18,ODI # 4674
India vs Bangladesh,India,Shreyas Iyer ,19,25,38,2,0,76.00,ODI # 4674
India vs Bangladesh,India,KL Rahul ,34,34,44,3,1,100.00,ODI # 4674
Afghanistan vs New Zealand,New Zealand,Devon Conway ,20,18,27,3,0,111.11,ODI # 4673
Afghanistan vs New Zealand,New Zealand,Will Young ,54,64,98,4,3,84.37,ODI # 4673
Afghanistan vs New Zealand,New Zealand,Rachin Ravindra ,32,41,64,2,1,78.04,ODI # 4673
Afghanistan vs New Zealand,New Zealand,Daryl Mitchell ,1,7,6,0,0,14.28,ODI # 4673
Afghanistan vs New Zealand,New Zealand,Tom Latham ,68,74,114,3,2,91.89,ODI # 4673
Afghanistan vs New Zealand,New Zealand,Glenn Phillips ,71,80,109,4,4,88.75,ODI # 4673
Afghanistan vs New Zealand,New Zealand,Mark Chapman ,25,12,15,2,1,208.33,ODI # 4673
Afghanistan vs New Zealand,New Zealand,Mitchell Santner ,7,5,13,1,0,140.00,ODI # 4673
Afghanistan vs New Zealand,New Zealand,Rahmanullah Gurbaz ,11,21,24,0,1,52.38,ODI # 4673
Afghanistan vs New Zealand,New Zealand,Ibrahim Zadran ,14,15,27,2,0,93.33,ODI # 4673
Afghanistan vs New Zealand,New Zealand,Rahmat Shah ,36,62,86,1,0,58.06,ODI # 4673
Afghanistan vs New Zealand,New Zealand,Hashmatullah Shahidi ,8,29,30,1,0,27.58,ODI # 4673
Afghanistan vs New Zealand,New Zealand,Azmatullah Omarzai ,27,32,39,2,0,84.37,ODI # 4673
Afghanistan vs New Zealand,New Zealand,Ikram Alikhil ,19,21,42,3,0,90.47,ODI # 4673
Afghanistan vs New Zealand,New Zealand,Mohammad Nabi ,7,9,10,1,0,77.77,ODI # 4673
Afghanistan vs New Zealand,New Zealand,Rashid Khan ,8,13,10,0,1,61.53,ODI # 4673
Afghanistan vs New Zealand,New Zealand,Mujeeb Ur Rahman ,4,3,2,1,0,133.33,ODI # 4673
Afghanistan vs New Zealand,New Zealand,Naveen-ul-Haq ,0,1,1,0,0,0.00,ODI # 4673
Afghanistan vs New Zealand,New Zealand,Fazalhaq Farooqi ,0,2,1,0,0,0.00,ODI # 4673
Netherlands vs South Africa,Netherlands,Vikramjit Singh ,2,16,28,0,0,12.50,ODI # 4672
Netherlands vs South Africa,Netherlands,Max O'Dowd ,18,25,33,4,0,72.00,ODI # 4672
Netherlands vs South Africa,Netherlands,Colin Ackermann ,12,25,40,1,0,48.00,ODI # 4672
Netherlands vs South Africa,Netherlands,Bas de Leede ,2,7,16,0,0,28.57,ODI # 4672
Netherlands vs South Africa,Netherlands,Sybrand Engelbrecht ,19,37,41,1,1,51.35,ODI # 4672
Netherlands vs South Africa,Netherlands,Teja Nidamanuru ,20,25,56,3,0,80.00,ODI # 4672
Netherlands vs South Africa,Netherlands,Scott Edwards ,78,69,102,10,1,113.04,ODI # 4672
Netherlands vs South Africa,Netherlands,Logan van Beek ,10,27,22,1,0,37.03,ODI # 4672
Netherlands vs South Africa,Netherlands,Roelof van der Merwe ,29,19,30,3,1,152.63,ODI # 4672
Netherlands vs South Africa,Netherlands,Aryan Dutt ,23,9,14,0,3,255.55,ODI # 4672
Netherlands vs South Africa,Netherlands,Temba Bavuma ,16,31,35,2,1,51.61,ODI # 4672
Netherlands vs South Africa,Netherlands,Quinton de Kock ,20,22,28,3,0,90.90,ODI # 4672
Netherlands vs South Africa,Netherlands,Rassie van der Dussen ,4,7,16,0,0,57.14,ODI # 4672
Netherlands vs South Africa,Netherlands,Aiden Markram ,1,3,4,0,0,33.33,ODI # 4672
Netherlands vs South Africa,Netherlands,Heinrich Klaasen ,28,28,36,4,0,100.00,ODI # 4672
Netherlands vs South Africa,Netherlands,David Miller ,43,52,81,4,1,82.69,ODI # 4672
Netherlands vs South Africa,Netherlands,Marco Jansen ,9,25,22,0,0,36.00,ODI # 4672
Netherlands vs South Africa,Netherlands,Gerald Coetzee ,22,23,33,2,1,95.65,ODI # 4672
Netherlands vs South Africa,Netherlands,Keshav Maharaj ,40,37,54,5,1,108.10,ODI # 4672
Netherlands vs South Africa,Netherlands,Kagiso Rabada ,9,6,9,0,1,150.00,ODI # 4672
Netherlands vs South Africa,Netherlands,Lungi Ngidi ,7,24,35,0,0,29.16,ODI # 4672
Australia vs Sri Lanka,Australia,Pathum Nissanka ,61,67,103,8,0,91.04,ODI # 4671
Australia vs Sri Lanka,Australia,Kusal Perera ,78,82,123,12,0,95.12,ODI # 4671
Australia vs Sri Lanka,Australia,Kusal Mendis ,9,13,27,0,0,69.23,ODI # 4671
Australia vs Sri Lanka,Australia,Sadeera Samarawickrama ,8,8,15,1,0,100.00,ODI # 4671
Australia vs Sri Lanka,Australia,Charith Asalanka ,25,39,75,0,1,64.10,ODI # 4671
Australia vs Sri Lanka,Australia,Dhananjaya de Silva ,7,13,13,1,0,53.84,ODI # 4671
Australia vs Sri Lanka,Australia,Dunith Wellalage ,2,9,9,0,0,22.22,ODI # 4671
Australia vs Sri Lanka,Australia,Chamika Karunaratne ,2,11,12,0,0,18.18,ODI # 4671
Australia vs Sri Lanka,Australia,Maheesh Theekshana ,0,5,7,0,0,0.00,ODI # 4671
Australia vs Sri Lanka,Australia,Lahiru Kumara ,4,8,6,1,0,50.00,ODI # 4671
Australia vs Sri Lanka,Australia,Dilshan Madushanka ,0,6,12,0,0,0.00,ODI # 4671
Australia vs Sri Lanka,Australia,Mitchell Marsh ,52,51,67,9,0,101.96,ODI # 4671
Australia vs Sri Lanka,Australia,David Warner ,11,6,16,0,1,183.33,ODI # 4671
Australia vs Sri Lanka,Australia,Steven Smith ,0,5,4,0,0,0.00,ODI # 4671
Australia vs Sri Lanka,Australia,Marnus Labuschagne ,40,60,100,2,0,66.66,ODI # 4671
Australia vs Sri Lanka,Australia,Josh Inglis ,58,59,75,5,1,98.30,ODI # 4671
Australia vs Sri Lanka,Australia,Glenn Maxwell ,31,21,30,4,2,147.61,ODI # 4671
Australia vs Sri Lanka,Australia,Marcus Stoinis ,20,10,10,2,1,200.00,ODI # 4671
Afghanistan vs England,Afghanistan,Rahmanullah Gurbaz ,80,57,87,8,4,140.35,ODI # 4670
Afghanistan vs England,Afghanistan,Ibrahim Zadran ,28,48,73,3,0,58.33,ODI # 4670
Afghanistan vs England,Afghanistan,Rahmat Shah ,3,8,10,0,0,37.50,ODI # 4670
Afghanistan vs England,Afghanistan,Hashmatullah Shahidi ,14,36,46,0,0,38.88,ODI # 4670
Afghanistan vs England,Afghanistan,Azmatullah Omarzai ,19,24,25,1,1,79.16,ODI # 4670
Afghanistan vs England,Afghanistan,Ikram Alikhil ,58,66,92,3,2,87.87,ODI # 4670
Afghanistan vs England,Afghanistan,Mohammad Nabi ,9,15,14,1,0,60.00,ODI # 4670
Afghanistan vs England,Afghanistan,Rashid Khan ,23,22,37,3,0,104.54,ODI # 4670
Afghanistan vs England,Afghanistan,Mujeeb Ur Rahman ,28,16,22,3,1,175.00,ODI # 4670
Afghanistan vs England,Afghanistan,Naveen-ul-Haq ,5,6,9,1,0,83.33,ODI # 4670
Afghanistan vs England,Afghanistan,Fazalhaq Farooqi ,2,4,7,0,0,50.00,ODI # 4670
Afghanistan vs England,Afghanistan,Jonny Bairstow ,2,4,5,0,0,50.00,ODI # 4670
Afghanistan vs England,Afghanistan,Dawid Malan ,32,39,61,4,0,82.05,ODI # 4670
Afghanistan vs England,Afghanistan,Joe Root ,11,17,23,2,0,64.70,ODI # 4670
Afghanistan vs England,Afghanistan,Harry Brook ,66,61,123,7,1,108.19,ODI # 4670
Afghanistan vs England,Afghanistan,Jos Buttler ,9,18,21,1,0,50.00,ODI # 4670
Afghanistan vs England,Afghanistan,Liam Livingstone ,10,14,15,1,0,71.42,ODI # 4670
Afghanistan vs England,Afghanistan,Sam Curran ,10,23,22,0,0,43.47,ODI # 4670
Afghanistan vs England,Afghanistan,Chris Woakes ,9,26,21,1,0,34.61,ODI # 4670
Afghanistan vs England,Afghanistan,Adil Rashid ,20,13,24,2,0,153.84,ODI # 4670
Afghanistan vs England,Afghanistan,Mark Wood ,18,22,26,3,0,81.81,ODI # 4670
Afghanistan vs England,Afghanistan,Reece Topley ,15,7,8,3,0,214.28,ODI # 4670
India vs Pakistan,India,Abdullah Shafique ,20,24,39,3,0,83.33,ODI # 4669
India vs Pakistan,India,Imam-ul-Haq ,36,38,64,6,0,94.73,ODI # 4669
India vs Pakistan,India,Babar Azam ,50,58,89,7,0,86.20,ODI # 4669
India vs Pakistan,India,Mohammad Rizwan ,49,69,89,7,0,71.01,ODI # 4669
India vs Pakistan,India,Saud Shakeel ,6,10,12,0,0,60.00,ODI # 4669
India vs Pakistan,India,Iftikhar Ahmed ,4,4,2,1,0,100.00,ODI # 4669
India vs Pakistan,India,Shadab Khan ,2,5,11,0,0,40.00,ODI # 4669
India vs Pakistan,India,Mohammad Nawaz ,4,14,25,0,0,28.57,ODI # 4669
India vs Pakistan,India,Hasan Ali ,12,19,21,2,0,63.15,ODI # 4669
India vs Pakistan,India,Shaheen Shah Afridi ,2,10,12,0,0,20.00,ODI # 4669
India vs Pakistan,India,Haris Rauf ,2,6,9,0,0,33.33,ODI # 4669
India vs Pakistan,India,Rohit Sharma ,86,63,91,6,6,136.50,ODI # 4669
India vs Pakistan,India,Shubman Gill ,16,11,11,4,0,145.45,ODI # 4669
India vs Pakistan,India,Virat Kohli ,16,18,31,3,0,88.88,ODI # 4669
India vs Pakistan,India,Shreyas Iyer ,53,62,80,3,2,85.48,ODI # 4669
India vs Pakistan,India,KL Rahul ,19,29,33,2,0,65.51,ODI # 4669
Bangladesh vs New Zealand,New Zealand,Litton Das ,0,1,1,0,0,0.00,ODI # 4668
Bangladesh vs New Zealand,New Zealand,Tanzid Hasan ,16,17,37,4,0,94.11,ODI # 4668
Bangladesh vs New Zealand,New Zealand,Mehidy Hasan Miraz ,30,46,52,4,0,65.21,ODI # 4668
Bangladesh vs New Zealand,New Zealand,Najmul Hossain Shanto ,7,8,20,1,0,87.50,ODI # 4668
Bangladesh vs New Zealand,New Zealand,Shakib Al Hasan ,40,51,75,3,2,78.43,ODI # 4668
Bangladesh vs New Zealand,New Zealand,Mushfiqur Rahim ,66,75,93,6,2,88.00,ODI # 4668
Bangladesh vs New Zealand,New Zealand,Towhid Hridoy ,13,25,30,0,0,52.00,ODI # 4668
Bangladesh vs New Zealand,New Zealand,Mahmudullah ,41,49,58,2,2,83.67,ODI # 4668
Bangladesh vs New Zealand,New Zealand,Taskin Ahmed ,17,19,25,0,2,89.47,ODI # 4668
Bangladesh vs New Zealand,New Zealand,Mustafizur Rahman ,4,10,14,0,0,40.00,ODI # 4668
Bangladesh vs New Zealand,New Zealand,Shoriful Islam ,2,3,9,0,0,66.66,ODI # 4668
Bangladesh vs New Zealand,New Zealand,Devon Conway ,45,59,91,3,0,76.27,ODI # 4668
Bangladesh vs New Zealand,New Zealand,Rachin Ravindra ,9,13,12,2,0,69.23,ODI # 4668
Bangladesh vs New Zealand,New Zealand,Kane Williamson ,78,107,158,8,1,72.89,ODI # 4668
Bangladesh vs New Zealand,New Zealand,Daryl Mitchell ,89,67,103,6,4,132.83,ODI # 4668
Bangladesh vs New Zealand,New Zealand,Glenn Phillips ,16,11,22,1,1,145.45,ODI # 4668
Australia vs South Africa,South Africa,Quinton de Kock ,109,106,147,8,5,102.83,ODI # 4667
Australia vs South Africa,South Africa,Temba Bavuma ,35,55,84,2,0,63.63,ODI # 4667
Australia vs South Africa,South Africa,Rassie van der Dussen ,26,30,33,2,0,86.66,ODI # 4667
Australia vs South Africa,South Africa,Aiden Markram ,56,44,61,7,1,127.27,ODI # 4667
Australia vs South Africa,South Africa,Heinrich Klaasen ,29,27,40,3,0,107.40,ODI # 4667
Australia vs South Africa,South Africa,David Miller ,17,13,35,1,1,130.76,ODI # 4667
Australia vs South Africa,South Africa,Marco Jansen ,26,22,25,3,1,118.18,ODI # 4667
Australia vs South Africa,South Africa,Kagiso Rabada ,0,1,4,0,0,0.00,ODI # 4667
Australia vs South Africa,South Africa,Keshav Maharaj ,0,2,1,0,0,0.00,ODI # 4667
Australia vs South Africa,South Africa,Mitchell Marsh ,7,15,27,0,0,46.66,ODI # 4667
Australia vs South Africa,South Africa,David Warner ,13,27,33,2,0,48.14,ODI # 4667
Australia vs South Africa,South Africa,Steven Smith ,19,16,20,4,0,118.75,ODI # 4667
Australia vs South Africa,South Africa,Marnus Labuschagne ,46,74,125,3,0,62.16,ODI # 4667
Australia vs South Africa,South Africa,Josh Inglis ,5,4,5,1,0,125.00,ODI # 4667
Australia vs South Africa,South Africa,Glenn Maxwell ,3,17,17,0,0,17.64,ODI # 4667
Australia vs South Africa,South Africa,Marcus Stoinis ,5,4,6,1,0,125.00,ODI # 4667
Australia vs South Africa,South Africa,Mitchell Starc ,27,51,69,3,0,52.94,ODI # 4667
Australia vs South Africa,South Africa,Pat Cummins ,22,21,29,4,0,104.76,ODI # 4667
Australia vs South Africa,South Africa,Adam Zampa ,11,16,25,1,0,68.75,ODI # 4667
Australia vs South Africa,South Africa,Josh Hazlewood ,2,2,1,0,0,100.00,ODI # 4667
India vs Afghanistan,India,Rahmanullah Gurbaz ,21,28,65,3,1,75.00,ODI # 4666
India vs Afghanistan,India,Ibrahim Zadran ,22,28,31,4,0,78.57,ODI # 4666
India vs Afghanistan,India,Rahmat Shah ,16,22,37,3,0,72.72,ODI # 4666
India vs Afghanistan,India,Hashmatullah Shahidi ,80,88,128,8,1,90.90,ODI # 4666
India vs Afghanistan,India,Azmatullah Omarzai ,62,69,82,2,4,89.85,ODI # 4666
India vs Afghanistan,India,Mohammad Nabi ,19,27,52,1,0,70.37,ODI # 4666
India vs Afghanistan,India,Najibullah Zadran ,2,8,6,0,0,25.00,ODI # 4666
India vs Afghanistan,India,Rashid Khan ,16,12,18,1,1,133.33,ODI # 4666
India vs Afghanistan,India,Mujeeb Ur Rahman ,10,12,22,2,0,83.33,ODI # 4666
India vs Afghanistan,India,Naveen-ul-Haq ,9,8,8,1,0,112.50,ODI # 4666
India vs Afghanistan,India,Rohit Sharma ,131,84,111,16,5,155.95,ODI # 4666
India vs Afghanistan,India,Ishan Kishan ,47,47,78,5,2,100.00,ODI # 4666
India vs Afghanistan,India,Virat Kohli ,55,56,64,6,0,98.21,ODI # 4666
India vs Afghanistan,India,Shreyas Iyer ,25,23,31,1,1,108.69,ODI # 4666
Pakistan vs Sri Lanka,Pakistan,Pathum Nissanka ,51,61,79,7,1,83.60,ODI # 4665
Pakistan vs Sri Lanka,Pakistan,Kusal Perera ,0,4,7,0,0,0.00,ODI # 4665
Pakistan vs Sri Lanka,Pakistan,Kusal Mendis ,122,77,124,14,6,158.44,ODI # 4665
Pakistan vs Sri Lanka,Pakistan,Sadeera Samarawickrama ,108,89,139,11,2,121.34,ODI # 4665
Pakistan vs Sri Lanka,Pakistan,Charith Asalanka ,1,3,5,0,0,33.33,ODI # 4665
Pakistan vs Sri Lanka,Pakistan,Dhananjaya de Silva ,25,34,47,3,0,73.52,ODI # 4665
Pakistan vs Sri Lanka,Pakistan,Dasun Shanaka ,12,18,23,0,0,66.66,ODI # 4665
Pakistan vs Sri Lanka,Pakistan,Dunith Wellalage ,10,8,18,1,0,125.00,ODI # 4665
Pakistan vs Sri Lanka,Pakistan,Maheesh Theekshana ,0,4,6,0,0,0.00,ODI # 4665
Pakistan vs Sri Lanka,Pakistan,Matheesha Pathirana ,1,3,3,0,0,33.33,ODI # 4665
Pakistan vs Sri Lanka,Pakistan,Abdullah Shafique ,113,103,150,10,3,109.70,ODI # 4665
Pakistan vs Sri Lanka,Pakistan,Imam-ul-Haq ,12,12,15,1,0,100.00,ODI # 4665
Pakistan vs Sri Lanka,Pakistan,Babar Azam ,10,15,17,1,0,66.66,ODI # 4665
Pakistan vs Sri Lanka,Pakistan,Mohammad Rizwan ,131,121,193,8,3,108.26,ODI # 4665
Pakistan vs Sri Lanka,Pakistan,Saud Shakeel ,31,30,57,2,0,103.33,ODI # 4665
Pakistan vs Sri Lanka,Pakistan,Iftikhar Ahmed ,22,10,18,4,0,220.00,ODI # 4665
Bangladesh vs England,England,Jonny Bairstow ,52,59,80,8,0,88.13,ODI # 4664
Bangladesh vs England,England,Dawid Malan ,140,107,106,16,5,130.84,ODI # 4664
Bangladesh vs England,England,Joe Root ,82,68,107,8,1,120.58,ODI # 4664
Bangladesh vs England,England,Jos Buttler ,20,10,11,1,1,200.00,ODI # 4664
Bangladesh vs England,England,Harry Brook ,20,15,23,3,0,133.33,ODI # 4664
Bangladesh vs England,England,Liam Livingstone ,0,1,1,0,0,0.00,ODI # 4664
Bangladesh vs England,England,Sam Curran ,11,15,20,1,0,73.33,ODI # 4664
Bangladesh vs England,England,Chris Woakes ,14,11,21,2,0,127.27,ODI # 4664
Bangladesh vs England,England,Adil Rashid ,11,7,8,1,0,157.14,ODI # 4664
Bangladesh vs England,England,Mark Wood ,6,5,6,1,0,120.00,ODI # 4664
Bangladesh vs England,England,Reece Topley ,1,2,2,0,0,50.00,ODI # 4664
Bangladesh vs England,England,Litton Das ,76,66,99,7,2,115.15,ODI # 4664
Bangladesh vs England,England,Tanzid Hasan ,1,2,7,0,0,50.00,ODI # 4664
Bangladesh vs England,England,Najmul Hossain Shanto ,0,1,1,0,0,0.00,ODI # 4664
Bangladesh vs England,England,Shakib Al Hasan ,1,9,16,0,0,11.11,ODI # 4664
Bangladesh vs England,England,Mehidy Hasan Miraz ,8,7,12,1,0,114.28,ODI # 4664
Bangladesh vs England,England,Mushfiqur Rahim ,51,64,93,4,0,79.68,ODI # 4664
Bangladesh vs England,England,Towhid Hridoy ,39,61,70,2,0,63.93,ODI # 4664
Bangladesh vs England,England,Mahedi Hasan ,14,32,39,1,0,43.75,ODI # 4664
Bangladesh vs England,England,Taskin Ahmed ,15,25,35,0,1,60.00,ODI # 4664
Bangladesh vs England,England,Shoriful Islam ,12,14,17,2,0,85.71,ODI # 4664
Bangladesh vs England,England,Mustafizur Rahman ,3,9,12,0,0,33.33,ODI # 4664
Netherlands vs New Zealand,New Zealand,Devon Conway ,32,40,51,5,1,80.00,ODI # 4663
Netherlands vs New Zealand,New Zealand,Will Young ,70,80,106,7,2,87.50,ODI # 4663
Netherlands vs New Zealand,New Zealand,Rachin Ravindra ,51,51,87,3,1,100.00,ODI # 4663
Netherlands vs New Zealand,New Zealand,Daryl Mitchell ,48,47,67,5,2,102.12,ODI # 4663
Netherlands vs New Zealand,New Zealand,Tom Latham ,53,46,72,6,1,115.21,ODI # 4663
Netherlands vs New Zealand,New Zealand,Glenn Phillips ,4,4,6,1,0,100.00,ODI # 4663
Netherlands vs New Zealand,New Zealand,Mark Chapman ,5,13,11,0,0,38.46,ODI # 4663
Netherlands vs New Zealand,New Zealand,Mitchell Santner ,36,17,25,3,2,211.76,ODI # 4663
Netherlands vs New Zealand,New Zealand,Matt Henry ,10,4,6,0,1,250.00,ODI # 4663
Netherlands vs New Zealand,New Zealand,Vikramjit Singh ,12,20,22,1,0,60.00,ODI # 4663
Netherlands vs New Zealand,New Zealand,Max O'Dowd ,16,31,40,2,0,51.61,ODI # 4663
Netherlands vs New Zealand,New Zealand,Colin Ackermann ,69,73,98,5,0,94.52,ODI # 4663
Netherlands vs New Zealand,New Zealand,Bas de Leede ,18,25,21,3,0,72.00,ODI # 4663
Netherlands vs New Zealand,New Zealand,Teja Nidamanuru ,21,26,28,2,1,80.76,ODI # 4663
Netherlands vs New Zealand,New Zealand,Scott Edwards ,30,27,37,2,1,111.11,ODI # 4663
Netherlands vs New Zealand,New Zealand,Sybrand Engelbrecht ,29,34,55,3,0,85.29,ODI # 4663
Netherlands vs New Zealand,New Zealand,Roelof van der Merwe ,1,6,9,0,0,16.66,ODI # 4663
Netherlands vs New Zealand,New Zealand,Ryan Klein ,8,15,23,0,0,53.33,ODI # 4663
Netherlands vs New Zealand,New Zealand,Aryan Dutt ,11,20,19,0,1,55.00,ODI # 4663
Netherlands vs New Zealand,New Zealand,Paul van Meekeren ,4,3,5,1,0,133.33,ODI # 4663
India vs Australia,India,David Warner ,41,52,76,6,0,78.84,ODI # 4662
India vs Australia,India,Mitchell Marsh ,0,6,11,0,0,0.00,ODI # 4662
India vs Australia,India,Steven Smith ,46,71,112,5,0,64.78,ODI # 4662
India vs Australia,India,Marnus Labuschagne ,27,41,58,1,0,65.85,ODI # 4662
India vs Australia,India,Glenn Maxwell ,15,25,44,1,0,60.00,ODI # 4662
India vs Australia,India,Alex Carey ,0,2,1,0,0,0.00,ODI # 4662
India vs Australia,India,Cameron Green ,8,20,31,0,0,40.00,ODI # 4662
India vs Australia,India,Pat Cummins ,15,24,26,1,1,62.50,ODI # 4662
India vs Australia,India,Mitchell Starc ,28,35,58,2,1,80.00,ODI # 4662
India vs Australia,India,Adam Zampa ,6,20,28,0,0,30.00,ODI # 4662
India vs Australia,India,Josh Hazlewood ,1,1,6,0,0,100.00,ODI # 4662
India vs Australia,India,Rohit Sharma ,0,6,10,0,0,0.00,ODI # 4662
India vs Australia,India,Ishan Kishan ,0,1,3,0,0,0.00,ODI # 4662
India vs Australia,India,Virat Kohli ,85,116,171,6,0,73.27,ODI # 4662
India vs Australia,India,Shreyas Iyer ,0,3,2,0,0,0.00,ODI # 4662
India vs Australia,India,KL Rahul ,97,115,180,8,2,84.34,ODI # 4662
India vs Australia,India,Hardik Pandya ,11,8,17,0,1,137.50,ODI # 4662
South Africa vs Sri Lanka,South Africa,Quinton de Kock ,100,84,140,12,3,119.04,ODI # 4661
South Africa vs Sri Lanka,South Africa,Temba Bavuma ,8,5,9,2,0,160.00,ODI # 4661
South Africa vs Sri Lanka,South Africa,Rassie van der Dussen ,108,110,161,13,2,98.18,ODI # 4661
South Africa vs Sri Lanka,South Africa,Aiden Markram ,106,54,84,14,3,196.29,ODI # 4661
South Africa vs Sri Lanka,South Africa,Heinrich Klaasen ,32,20,30,1,3,160.00,ODI # 4661
South Africa vs Sri Lanka,South Africa,David Miller ,39,21,36,3,2,185.71,ODI # 4661
South Africa vs Sri Lanka,South Africa,Marco Jansen ,12,7,15,0,1,171.42,ODI # 4661
South Africa vs Sri Lanka,South Africa,Pathum Nissanka ,0,3,6,0,0,0.00,ODI # 4661
South Africa vs Sri Lanka,South Africa,Kusal Perera ,7,15,42,1,0,46.66,ODI # 4661
South Africa vs Sri Lanka,South Africa,Kusal Mendis ,76,42,55,4,8,180.95,ODI # 4661
South Africa vs Sri Lanka,South Africa,Sadeera Samarawickrama ,23,19,22,3,1,121.05,ODI # 4661
South Africa vs Sri Lanka,South Africa,Charith Asalanka ,79,65,83,8,4,121.53,ODI # 4661
South Africa vs Sri Lanka,South Africa,Dhananjaya de Silva ,11,14,28,1,0,78.57,ODI # 4661
South Africa vs Sri Lanka,South Africa,Dasun Shanaka ,68,62,86,6,3,109.67,ODI # 4661
South Africa vs Sri Lanka,South Africa,Dunith Wellalage ,0,1,2,0,0,0.00,ODI # 4661
South Africa vs Sri Lanka,South Africa,Kasun Rajitha ,33,31,52,4,1,106.45,ODI # 4661
South Africa vs Sri Lanka,South Africa,Matheesha Pathirana ,5,16,25,1,0,31.25,ODI # 4661
South Africa vs Sri Lanka,South Africa,Dilshan Madushanka ,4,2,4,1,0,200.00,ODI # 4661
Afghanistan vs Bangladesh,Bangladesh,Rahmanullah Gurbaz ,47,62,112,4,1,75.80,ODI # 4660
Afghanistan vs Bangladesh,Bangladesh,Ibrahim Zadran ,22,25,41,3,1,88.00,ODI # 4660
Afghanistan vs Bangladesh,Bangladesh,Rahmat Shah ,18,25,30,1,0,72.00,ODI # 4660
Afghanistan vs Bangladesh,Bangladesh,Hashmatullah Shahidi ,18,38,34,2,0,47.36,ODI # 4660
Afghanistan vs Bangladesh,Bangladesh,Najibullah Zadran ,5,13,16,0,0,38.46,ODI # 4660
Afghanistan vs Bangladesh,Bangladesh,Mohammad Nabi ,6,12,19,0,0,50.00,ODI # 4660
Afghanistan vs Bangladesh,Bangladesh,Azmatullah Omarzai ,22,20,32,4,0,110.00,ODI # 4660
Afghanistan vs Bangladesh,Bangladesh,Rashid Khan ,9,16,16,1,0,56.25,ODI # 4660
Afghanistan vs Bangladesh,Bangladesh,Mujeeb Ur Rahman ,1,4,9,0,0,25.00,ODI # 4660
Afghanistan vs Bangladesh,Bangladesh,Naveen-ul-Haq ,0,6,8,0,0,0.00,ODI # 4660
Afghanistan vs Bangladesh,Bangladesh,Fazalhaq Farooqi ,0,3,3,0,0,0.00,ODI # 4660
Afghanistan vs Bangladesh,Bangladesh,Tanzid Hasan ,5,13,19,1,0,38.46,ODI # 4660
Afghanistan vs Bangladesh,Bangladesh,Litton Das ,13,18,29,2,0,72.22,ODI # 4660
Afghanistan vs Bangladesh,Bangladesh,Mehidy Hasan Miraz ,57,73,89,5,0,78.08,ODI # 4660
Afghanistan vs Bangladesh,Bangladesh,Najmul Hossain Shanto ,59,83,112,3,1,71.08,ODI # 4660
Afghanistan vs Bangladesh,Bangladesh,Shakib Al Hasan ,14,19,24,2,0,73.68,ODI # 4660
Afghanistan vs Bangladesh,Bangladesh,Mushfiqur Rahim ,2,3,6,0,0,66.66,ODI # 4660
Netherlands vs Pakistan,Pakistan,Fakhar Zaman ,12,15,14,3,0,80.00,ODI # 4659
Netherlands vs Pakistan,Pakistan,Imam-ul-Haq ,15,19,40,2,0,78.94,ODI # 4659
Netherlands vs Pakistan,Pakistan,Babar Azam ,5,18,20,0,0,27.77,ODI # 4659
Netherlands vs Pakistan,Pakistan,Mohammad Rizwan ,68,75,104,8,0,90.66,ODI # 4659
Netherlands vs Pakistan,Pakistan,Saud Shakeel ,68,52,84,9,1,130.76,ODI # 4659
Netherlands vs Pakistan,Pakistan,Iftikhar Ahmed ,9,11,22,1,0,81.81,ODI # 4659
Netherlands vs Pakistan,Pakistan,Mohammad Nawaz ,39,43,66,4,0,90.69,ODI # 4659
Netherlands vs Pakistan,Pakistan,Shadab Khan ,32,34,42,2,1,94.11,ODI # 4659
Netherlands vs Pakistan,Pakistan,Hasan Ali ,0,1,2,0,0,0.00,ODI # 4659
Netherlands vs Pakistan,Pakistan,Shaheen Shah Afridi ,13,12,23,2,0,108.33,ODI # 4659
Netherlands vs Pakistan,Pakistan,Haris Rauf ,16,14,10,2,1,114.28,ODI # 4659
Netherlands vs Pakistan,Pakistan,Vikramjit Singh ,52,67,97,4,1,77.61,ODI # 4659
Netherlands vs Pakistan,Pakistan,Max O'Dowd ,5,12,24,1,0,41.66,ODI # 4659
Netherlands vs Pakistan,Pakistan,Colin Ackermann ,17,21,24,3,0,80.95,ODI # 4659
Netherlands vs Pakistan,Pakistan,Bas de Leede ,67,68,92,6,2,98.52,ODI # 4659
Netherlands vs Pakistan,Pakistan,Teja Nidamanuru ,5,9,10,1,0,55.55,ODI # 4659
Netherlands vs Pakistan,Pakistan,Scott Edwards ,0,2,2,0,0,0.00,ODI # 4659
Netherlands vs Pakistan,Pakistan,Saqib Zulfiqar ,10,18,24,1,0,55.55,ODI # 4659
Netherlands vs Pakistan,Pakistan,Roelof van der Merwe ,4,7,18,0,0,57.14,ODI # 4659
Netherlands vs Pakistan,Pakistan,Logan van Beek ,28,28,36,3,1,100.00,ODI # 4659
Netherlands vs Pakistan,Pakistan,Aryan Dutt ,1,2,6,0,0,50.00,ODI # 4659
Netherlands vs Pakistan,Pakistan,Paul van Meekeren ,7,12,17,1,0,58.33,ODI # 4659
