Match,Winning Team,Player,Overs,Runs,Wickets,Econ,Wide,NB,Match ID
India vs Australia,Australia,Mitchell Starc,10.0,55,3,5.5,3,0,ODI # 4662
India vs Australia,Australia,Josh Hazlewood,10.0,60,2,6.0,1,0,ODI # 4662
India vs Australia,Australia,Glenn Maxwell,6.0,35,1,5.83,0,0,ODI # 4662
India vs Australia,Australia,Pat Cummins,10.0,34,2,3.4,2,0,ODI # 4662
India vs Australia,Australia,Adam Zampa,10.0,44,1,4.4,1,0,ODI # 4662
India vs Australia,Australia,Mitchell Marsh,2.0,5,0,2.5,0,0,ODI # 4662
India vs Australia,Australia,Travis Head,2.0,4,0,2.0,0,0,ODI # 4662
India vs Australia,Australia,Jasprit Bumrah,9.0,43,2,4.77,0,0,ODI # 4662
India vs Australia,Australia,Mohammed Shami,7.0,47,1,6.71,3,0,ODI # 4662
India vs Australia,Australia,Ravindra Jadeja,10.0,43,0,4.3,1,0,ODI # 4662
India vs Australia,Australia,Kuldeep Yadav,10.0,56,0,5.6,0,0,ODI # 4662
India vs Australia,Australia,Mohammed Siraj,7.0,45,1,6.42,0,0,ODI # 4662
Australia vs South Africa,Australia,Mitchell Starc,10.0,34,3,3.4,4,0,ODI # 4667
Australia vs South Africa,Australia,Josh Hazlewood,8.0,12,2,1.5,0,0,ODI # 4667
Australia vs South Africa,Australia,Pat Cummins,9.4,51,3,5.27,2,0,ODI # 4667
Australia vs South Africa,Australia,Adam Zampa,7.0,55,0,7.85,0,0,ODI # 4667
Australia vs South Africa,Australia,Glenn Maxwell,10.0,35,0,3.5,0,0,ODI # 4667
Australia vs South Africa,Australia,Travis Head,5.0,21,2,4.2,1,0,ODI # 4667
Australia vs South Africa,Australia,Marco Jansen,4.2,35,0,8.07,4,0,ODI # 4667
Australia vs South Africa,Australia,Kagiso Rabada,6.0,41,1,6.83,1,1,ODI # 4667
Australia vs South Africa,Australia,Aiden Markram,8.0,23,1,2.87,1,0,ODI # 4667
Australia vs South Africa,Australia,Gerald Coetzee,9.0,47,2,5.22,1,1,ODI # 4667
Australia vs South Africa,Australia,Tabraiz Shamsi,10.0,42,2,4.2,5,0,ODI # 4667
Australia vs South Africa,Australia,Keshav Maharaj,10.0,24,1,2.4,0,0,ODI # 4667
India vs New Zealand,India,Trent Boult,10.0,86,1,8.6,2,0,ODI # 4678
India vs New Zealand,India,Tim Southee,10.0,100,3,10.0,1,0,ODI # 4678
India vs New Zealand,India,Mitchell Santner,10.0,51,0,5.1,0,0,ODI # 4678
India vs New Zealand,India,Lockie Ferguson,8.0,65,0,8.12,1,0,ODI # 4678
India vs New Zealand,India,Rachin Ravindra,7.0,60,0,8.57,2,0,ODI # 4678
India vs New Zealand,India,Glenn Phillips,5.0,33,0,6.6,0,0,ODI # 4678
India vs New Zealand,India,Jasprit Bumrah,10.0,64,1,6.4,6,0,ODI # 4678
India vs New Zealand,India,Mohammed Siraj,9.0,78,1,8.66,3,0,ODI # 4678
India vs New Zealand,India,Mohammed Shami,9.5,57,7,5.79,2,0,ODI # 4678
India vs New Zealand,India,Ravindra Jadeja,10.0,63,0,6.3,0,1,ODI # 4678
India vs New Zealand,India,Kuldeep Yadav,10.0,56,1,5.6,0,0,ODI # 4678
India vs Netherlands,India,Aryan Dutt,7.0,52,0,7.42,1,0,ODI # 4702
India vs Netherlands,India,Logan van Beek,10.0,107,0,10.7,1,0,ODI # 4702
India vs Netherlands,India,Colin Ackermann,3.0,25,0,8.33,1,0,ODI # 4702
India vs Netherlands,India,Paul van Meekeren,10.0,90,1,9.0,2,1,ODI # 4702
India vs Netherlands,India,Roelof van der Merwe,10.0,53,1,5.3,0,0,ODI # 4702
India vs Netherlands,India,Bas de Leede,10.0,82,2,8.2,8,0,ODI # 4702
India vs Netherlands,India,Jasprit Bumrah,9.0,33,2,3.66,1,0,ODI # 4702
India vs Netherlands,India,Mohammed Siraj,6.0,29,2,4.83,1,0,ODI # 4702
India vs Netherlands,India,Mohammed Shami,6.0,41,0,6.83,1,0,ODI # 4702
India vs Netherlands,India,Kuldeep Yadav,10.0,41,2,4.1,0,0,ODI # 4702
India vs Netherlands,India,Ravindra Jadeja,9.0,49,2,5.44,1,0,ODI # 4702
India vs Netherlands,India,Virat Kohli,3.0,13,1,4.33,0,0,ODI # 4702
India vs Netherlands,India,Shubman Gill,2.0,11,0,5.5,0,0,ODI # 4702
India vs Netherlands,India,Suryakumar Yadav,2.0,17,0,8.5,0,0,ODI # 4702
India vs Netherlands,India,Rohit Sharma,0.5,7,1,8.4,0,0,ODI # 4702
England vs Pakistan,England,Shaheen Shah Afridi,10.0,72,2,7.2,0,0,ODI # 4701
England vs Pakistan,England,Haris Rauf,10.0,64,3,6.4,3,0,ODI # 4701
England vs Pakistan,England,Iftikhar Ahmed,7.0,38,1,5.42,0,0,ODI # 4701
England vs Pakistan,England,Mohammad Wasim,10.0,74,2,7.4,1,0,ODI # 4701
England vs Pakistan,England,Shadab Khan,10.0,57,0,5.7,0,0,ODI # 4701
England vs Pakistan,England,Agha Salman,3.0,25,0,8.33,0,0,ODI # 4701
England vs Pakistan,England,David Willey,10.0,56,3,5.6,2,0,ODI # 4701
England vs Pakistan,England,Chris Woakes,5.3,27,1,4.9,0,0,ODI # 4701
England vs Pakistan,England,Adil Rashid,10.0,55,2,5.5,1,0,ODI # 4701
England vs Pakistan,England,Gus Atkinson,8.0,45,2,5.62,2,0,ODI # 4701
England vs Pakistan,England,Moeen Ali,10.0,60,2,6.0,0,0,ODI # 4701
Australia vs Bangladesh,Australia,Josh Hazlewood,7.0,21,0,3.0,0,0,ODI # 4700
Australia vs Bangladesh,Australia,Pat Cummins,8.0,56,0,7.0,4,0,ODI # 4700
Australia vs Bangladesh,Australia,Sean Abbott,10.0,61,2,6.1,0,1,ODI # 4700
Australia vs Bangladesh,Australia,Mitchell Marsh,4.0,48,0,12.0,2,1,ODI # 4700
Australia vs Bangladesh,Australia,Adam Zampa,10.0,32,2,3.2,0,0,ODI # 4700
Australia vs Bangladesh,Australia,Travis Head,6.0,33,0,5.5,0,0,ODI # 4700
Australia vs Bangladesh,Australia,Marcus Stoinis,5.0,45,1,9.0,2,0,ODI # 4700
Australia vs Bangladesh,Australia,Taskin Ahmed,10.0,61,1,6.1,1,0,ODI # 4700
Australia vs Bangladesh,Australia,Mahedi Hasan,9.0,38,0,4.22,1,0,ODI # 4700
Australia vs Bangladesh,Australia,Nasum Ahmed,10.0,85,0,8.5,1,0,ODI # 4700
Australia vs Bangladesh,Australia,Mehidy Hasan Miraz,6.0,47,0,7.83,0,0,ODI # 4700
Australia vs Bangladesh,Australia,Mustafizur Rahman,9.4,76,1,7.86,1,0,ODI # 4700
Afghanistan vs South Africa,South Africa,Kagiso Rabada,10.0,40,0,4.0,0,0,ODI # 4699
Afghanistan vs South Africa,South Africa,Lungi Ngidi,8.3,69,2,8.11,6,0,ODI # 4699
Afghanistan vs South Africa,South Africa,Aiden Markram,4.3,25,0,5.55,0,0,ODI # 4699
Afghanistan vs South Africa,South Africa,Gerald Coetzee,10.0,44,4,4.4,2,0,ODI # 4699
Afghanistan vs South Africa,South Africa,Keshav Maharaj,10.0,25,2,2.5,2,0,ODI # 4699
Afghanistan vs South Africa,South Africa,Andile Phehlukwayo,7.0,36,1,5.14,0,0,ODI # 4699
Afghanistan vs South Africa,South Africa,Mujeeb Ur Rahman,10.0,51,1,5.1,1,0,ODI # 4699
Afghanistan vs South Africa,South Africa,Naveen-ul-Haq,6.3,52,0,8.0,1,0,ODI # 4699
Afghanistan vs South Africa,South Africa,Mohammad Nabi,10.0,35,2,3.5,0,0,ODI # 4699
Afghanistan vs South Africa,South Africa,Azmatullah Omarzai,1.0,8,0,8.0,0,0,ODI # 4699
Afghanistan vs South Africa,South Africa,Rashid Khan,10.0,37,2,3.7,1,0,ODI # 4699
Afghanistan vs South Africa,South Africa,Noor Ahmad,9.0,49,0,5.44,3,0,ODI # 4699
Afghanistan vs South Africa,South Africa,Rahmat Shah,1.0,12,0,12.0,0,0,ODI # 4699
New Zealand vs Sri Lanka,New Zealand,Trent Boult,10.0,37,3,3.7,3,0,ODI # 4698
New Zealand vs Sri Lanka,New Zealand,Tim Southee,8.0,52,1,6.5,0,0,ODI # 4698
New Zealand vs Sri Lanka,New Zealand,Lockie Ferguson,10.0,35,2,3.5,0,0,ODI # 4698
New Zealand vs Sri Lanka,New Zealand,Mitchell Santner,10.0,22,2,2.2,0,0,ODI # 4698
New Zealand vs Sri Lanka,New Zealand,Rachin Ravindra,7.4,21,2,2.73,0,0,ODI # 4698
New Zealand vs Sri Lanka,New Zealand,Glenn Phillips,1.0,3,0,3.0,0,0,ODI # 4698
New Zealand vs Sri Lanka,New Zealand,Dilshan Madushanka,6.2,58,0,9.15,1,0,ODI # 4698
New Zealand vs Sri Lanka,New Zealand,Maheesh Theekshana,7.0,43,1,6.14,0,0,ODI # 4698
New Zealand vs Sri Lanka,New Zealand,Dhananjaya de Silva,2.0,22,0,11.0,0,0,ODI # 4698
New Zealand vs Sri Lanka,New Zealand,Dushmantha Chameera,4.0,20,1,5.0,0,0,ODI # 4698
New Zealand vs Sri Lanka,New Zealand,Angelo Mathews,4.0,29,2,7.25,1,0,ODI # 4698
England vs Netherlands,England,Aryan Dutt,10.0,67,2,6.7,1,1,ODI # 4697
England vs Netherlands,England,Logan van Beek,10.0,88,2,8.8,10,0,ODI # 4697
England vs Netherlands,England,Paul van Meekeren,10.0,57,1,5.7,5,0,ODI # 4697
England vs Netherlands,England,Bas de Leede,10.0,74,3,7.4,0,0,ODI # 4697
England vs Netherlands,England,Roelof van der Merwe,3.0,22,0,7.33,0,0,ODI # 4697
England vs Netherlands,England,Colin Ackermann,7.0,31,0,4.42,0,0,ODI # 4697
England vs Netherlands,England,Chris Woakes,7.0,19,1,2.71,2,0,ODI # 4697
England vs Netherlands,England,David Willey,7.0,19,2,2.71,0,0,ODI # 4697
England vs Netherlands,England,Gus Atkinson,7.0,41,0,5.85,1,0,ODI # 4697
England vs Netherlands,England,Moeen Ali,8.2,42,3,5.04,0,0,ODI # 4697
England vs Netherlands,England,Adil Rashid,8.0,54,3,6.75,1,0,ODI # 4697
Afghanistan vs Australia,Australia,Mitchell Starc,9.0,70,1,7.77,5,0,ODI # 4696
Afghanistan vs Australia,Australia,Josh Hazlewood,9.0,39,2,4.33,1,0,ODI # 4696
Afghanistan vs Australia,Australia,Glenn Maxwell,10.0,55,1,5.5,0,1,ODI # 4696
Afghanistan vs Australia,Australia,Pat Cummins,8.0,47,0,5.87,1,0,ODI # 4696
Afghanistan vs Australia,Australia,Adam Zampa,10.0,58,1,5.8,2,0,ODI # 4696
Afghanistan vs Australia,Australia,Travis Head,3.0,15,0,5.0,0,0,ODI # 4696
Afghanistan vs Australia,Australia,Marcus Stoinis,1.0,2,0,2.0,0,0,ODI # 4696
Afghanistan vs Australia,Australia,Mujeeb Ur Rahman,8.5,72,0,8.15,0,0,ODI # 4696
Afghanistan vs Australia,Australia,Naveen-ul-Haq,9.0,47,2,5.22,1,0,ODI # 4696
Afghanistan vs Australia,Australia,Azmatullah Omarzai,7.0,52,2,7.42,1,0,ODI # 4696
Afghanistan vs Australia,Australia,Rashid Khan,10.0,44,2,4.4,3,0,ODI # 4696
Afghanistan vs Australia,Australia,Noor Ahmad,10.0,53,0,5.3,1,0,ODI # 4696
Afghanistan vs Australia,Australia,Mohammad Nabi,2.0,20,0,10.0,0,0,ODI # 4696
Bangladesh vs Sri Lanka,Bangladesh,Shoriful Islam,9.3,51,2,5.36,1,0,ODI # 4695
Bangladesh vs Sri Lanka,Bangladesh,Taskin Ahmed,10.0,39,0,3.9,1,0,ODI # 4695
Bangladesh vs Sri Lanka,Bangladesh,Tanzim Hasan Sakib,10.0,80,3,8.0,2,0,ODI # 4695
Bangladesh vs Sri Lanka,Bangladesh,Shakib Al Hasan,10.0,57,2,5.7,0,0,ODI # 4695
Bangladesh vs Sri Lanka,Bangladesh,Mehidy Hasan Miraz,10.0,49,1,4.9,0,0,ODI # 4695
Bangladesh vs Sri Lanka,Bangladesh,Dilshan Madushanka,10.0,69,3,6.9,4,0,ODI # 4695
Bangladesh vs Sri Lanka,Bangladesh,Maheesh Theekshana,9.0,44,2,4.88,3,0,ODI # 4695
Bangladesh vs Sri Lanka,Bangladesh,Kasun Rajitha,4.0,47,0,11.75,0,0,ODI # 4695
Bangladesh vs Sri Lanka,Bangladesh,Dushmantha Chameera,8.0,54,0,6.75,2,0,ODI # 4695
Bangladesh vs Sri Lanka,Bangladesh,Angelo Mathews,7.1,35,2,4.88,1,0,ODI # 4695
Bangladesh vs Sri Lanka,Bangladesh,Dhananjaya de Silva,3.0,20,0,6.66,0,0,ODI # 4695
India vs South Africa,India,Lungi Ngidi,8.2,63,1,7.56,2,0,ODI # 4694
India vs South Africa,India,Marco Jansen,9.4,94,1,9.72,7,1,ODI # 4694
India vs South Africa,India,Kagiso Rabada,10.0,48,1,4.8,0,0,ODI # 4694
India vs South Africa,India,Keshav Maharaj,10.0,30,1,3.0,1,0,ODI # 4694
India vs South Africa,India,Tabraiz Shamsi,10.0,72,1,7.2,7,1,ODI # 4694
India vs South Africa,India,Aiden Markram,2.0,17,0,8.5,1,0,ODI # 4694
India vs South Africa,India,Jasprit Bumrah,5.0,14,0,2.8,1,0,ODI # 4694
India vs South Africa,India,Mohammed Siraj,4.0,11,1,2.75,0,0,ODI # 4694
India vs South Africa,India,Ravindra Jadeja,9.0,33,5,3.66,0,0,ODI # 4694
India vs South Africa,India,Mohammed Shami,4.0,18,2,4.5,1,0,ODI # 4694
India vs South Africa,India,Kuldeep Yadav,5.1,7,2,1.35,0,0,ODI # 4694
Australia vs England,Australia,David Willey,10.0,48,1,4.8,1,0,ODI # 4693
Australia vs England,Australia,Chris Woakes,9.3,54,4,5.68,0,0,ODI # 4693
Australia vs England,Australia,Mark Wood,10.0,70,2,7.0,3,0,ODI # 4693
Australia vs England,Australia,Liam Livingstone,6.0,42,1,7.0,0,0,ODI # 4693
Australia vs England,Australia,Moeen Ali,4.0,28,0,7.0,0,0,ODI # 4693
Australia vs England,Australia,Adil Rashid,10.0,38,2,3.8,0,0,ODI # 4693
Australia vs England,Australia,Mitchell Starc,10.0,66,2,6.6,4,0,ODI # 4693
Australia vs England,Australia,Josh Hazlewood,9.1,49,2,5.34,2,0,ODI # 4693
Australia vs England,Australia,Pat Cummins,10.0,49,2,4.9,0,0,ODI # 4693
Australia vs England,Australia,Adam Zampa,10.0,21,3,2.1,2,0,ODI # 4693
Australia vs England,Australia,Travis Head,5.0,28,0,5.6,0,0,ODI # 4693
Australia vs England,Australia,Marcus Stoinis,4.0,34,1,8.5,0,0,ODI # 4693
New Zealand vs Pakistan,Pakistan,Shaheen Shah Afridi,10.0,90,0,9.0,5,0,ODI # 4692
New Zealand vs Pakistan,Pakistan,Hasan Ali,10.0,82,1,8.2,2,1,ODI # 4692
New Zealand vs Pakistan,Pakistan,Iftikhar Ahmed,8.0,55,1,6.87,0,0,ODI # 4692
New Zealand vs Pakistan,Pakistan,Haris Rauf,10.0,85,1,8.5,2,0,ODI # 4692
New Zealand vs Pakistan,Pakistan,Mohammad Wasim,10.0,60,3,6.0,3,0,ODI # 4692
New Zealand vs Pakistan,Pakistan,Agha Salman,2.0,21,0,10.5,1,0,ODI # 4692
New Zealand vs Pakistan,Pakistan,Trent Boult,6.0,50,0,8.33,2,0,ODI # 4692
New Zealand vs Pakistan,Pakistan,Tim Southee,5.0,27,1,5.4,0,0,ODI # 4692
New Zealand vs Pakistan,Pakistan,Mitchell Santner,5.0,35,0,7.0,0,0,ODI # 4692
New Zealand vs Pakistan,Pakistan,Glenn Phillips,5.0,42,0,8.4,0,0,ODI # 4692
New Zealand vs Pakistan,Pakistan,Ish Sodhi,4.0,44,0,11.0,1,0,ODI # 4692
New Zealand vs Pakistan,Pakistan,Daryl Mitchell,0.3,1,0,2.0,0,0,ODI # 4692
Afghanistan vs Netherlands,Afghanistan,Mujeeb Ur Rahman,10.0,40,1,4.0,3,0,ODI # 4691
Afghanistan vs Netherlands,Afghanistan,Fazalhaq Farooqi,5.0,36,0,7.2,2,0,ODI # 4691
Afghanistan vs Netherlands,Afghanistan,Azmatullah Omarzai,3.0,11,0,3.66,0,0,ODI # 4691
Afghanistan vs Netherlands,Afghanistan,Mohammad Nabi,9.3,28,3,2.94,1,0,ODI # 4691
Afghanistan vs Netherlands,Afghanistan,Rashid Khan,10.0,31,0,3.1,3,0,ODI # 4691
Afghanistan vs Netherlands,Afghanistan,Noor Ahmad,9.0,31,2,3.44,3,0,ODI # 4691
Afghanistan vs Netherlands,Afghanistan,Aryan Dutt,8.3,49,0,5.76,3,0,ODI # 4691
Afghanistan vs Netherlands,Afghanistan,Logan van Beek,7.0,30,1,4.28,2,0,ODI # 4691
Afghanistan vs Netherlands,Afghanistan,Paul van Meekeren,5.0,35,0,7.0,1,1,ODI # 4691
Afghanistan vs Netherlands,Afghanistan,Roelof van der Merwe,5.0,27,1,5.4,0,0,ODI # 4691
Afghanistan vs Netherlands,Afghanistan,Saqib Zulfiqar,3.0,25,1,8.33,0,1,ODI # 4691
Afghanistan vs Netherlands,Afghanistan,Colin Ackermann,3.0,12,0,4.0,1,0,ODI # 4691
India vs Sri Lanka,India,Dilshan Madushanka,10.0,80,5,8.0,6,0,ODI # 4690
India vs Sri Lanka,India,Dushmantha Chameera,10.0,71,1,7.1,0,0,ODI # 4690
India vs Sri Lanka,India,Kasun Rajitha,9.0,65,0,7.22,1,0,ODI # 4690
India vs Sri Lanka,India,Angelo Mathews,3.0,11,0,3.66,0,0,ODI # 4690
India vs Sri Lanka,India,Maheesh Theekshana,10.0,67,0,6.7,1,0,ODI # 4690
India vs Sri Lanka,India,Dushan Hemantha,8.0,52,0,6.5,0,1,ODI # 4690
India vs Sri Lanka,India,Jasprit Bumrah,5.0,8,1,1.6,3,0,ODI # 4690
India vs Sri Lanka,India,Mohammed Siraj,7.0,16,3,2.28,1,0,ODI # 4690
India vs Sri Lanka,India,Mohammed Shami,5.0,18,5,3.6,0,0,ODI # 4690
India vs Sri Lanka,India,Kuldeep Yadav,2.0,3,0,1.5,0,0,ODI # 4690
India vs Sri Lanka,India,Ravindra Jadeja,0.4,4,1,6.0,0,0,ODI # 4690
New Zealand vs South Africa,South Africa,Trent Boult,10.0,49,1,4.9,2,0,ODI # 4689
New Zealand vs South Africa,South Africa,Matt Henry,5.3,31,0,5.63,1,0,ODI # 4689
New Zealand vs South Africa,South Africa,Tim Southee,10.0,77,2,7.7,1,0,ODI # 4689
New Zealand vs South Africa,South Africa,Mitchell Santner,10.0,58,0,5.8,2,0,ODI # 4689
New Zealand vs South Africa,South Africa,Glenn Phillips,7.0,52,0,7.42,2,0,ODI # 4689
New Zealand vs South Africa,South Africa,Rachin Ravindra,2.0,17,0,8.5,0,0,ODI # 4689
New Zealand vs South Africa,South Africa,James Neesham,5.3,69,1,12.54,0,0,ODI # 4689
New Zealand vs South Africa,South Africa,Marco Jansen,8.0,31,3,3.87,1,1,ODI # 4689
New Zealand vs South Africa,South Africa,Lungi Ngidi,6.0,28,0,4.66,0,0,ODI # 4689
New Zealand vs South Africa,South Africa,Kagiso Rabada,6.0,16,1,2.66,0,0,ODI # 4689
New Zealand vs South Africa,South Africa,Gerald Coetzee,6.3,41,2,6.3,1,0,ODI # 4689
New Zealand vs South Africa,South Africa,Keshav Maharaj,9.0,46,4,5.11,0,0,ODI # 4689
Bangladesh vs Pakistan,Pakistan,Shaheen Shah Afridi,9.0,23,3,2.55,2,0,ODI # 4688
Bangladesh vs Pakistan,Pakistan,Iftikhar Ahmed,10.0,44,1,4.4,0,0,ODI # 4688
Bangladesh vs Pakistan,Pakistan,Haris Rauf,8.0,36,2,4.5,2,0,ODI # 4688
Bangladesh vs Pakistan,Pakistan,Mohammad Wasim,8.1,31,3,3.79,0,0,ODI # 4688
Bangladesh vs Pakistan,Pakistan,Usama Mir,10.0,66,1,6.6,1,0,ODI # 4688
Bangladesh vs Pakistan,Pakistan,Taskin Ahmed,6.0,36,0,6.0,0,0,ODI # 4688
Bangladesh vs Pakistan,Pakistan,Shoriful Islam,4.0,25,0,6.25,1,0,ODI # 4688
Bangladesh vs Pakistan,Pakistan,Mehidy Hasan Miraz,9.0,60,3,6.66,0,0,ODI # 4688
Bangladesh vs Pakistan,Pakistan,Mustafizur Rahman,7.0,47,0,6.71,1,0,ODI # 4688
Bangladesh vs Pakistan,Pakistan,Shakib Al Hasan,5.3,30,0,5.45,0,0,ODI # 4688
Bangladesh vs Pakistan,Pakistan,Najmul Hossain Shanto,1.0,5,0,5.0,0,0,ODI # 4688
Afghanistan vs Sri Lanka,Afghanistan,Mujeeb Ur Rahman,10.0,38,2,3.8,0,0,ODI # 4687
Afghanistan vs Sri Lanka,Afghanistan,Fazalhaq Farooqi,10.0,34,4,3.4,0,0,ODI # 4687
Afghanistan vs Sri Lanka,Afghanistan,Naveen-ul-Haq,6.3,47,0,7.23,2,0,ODI # 4687
Afghanistan vs Sri Lanka,Afghanistan,Azmatullah Omarzai,7.0,37,1,5.28,1,0,ODI # 4687
Afghanistan vs Sri Lanka,Afghanistan,Rashid Khan,10.0,50,1,5.0,2,0,ODI # 4687
Afghanistan vs Sri Lanka,Afghanistan,Mohammad Nabi,6.0,33,0,5.5,0,0,ODI # 4687
Afghanistan vs Sri Lanka,Afghanistan,Dilshan Madushanka,9.0,48,2,5.33,3,0,ODI # 4687
Afghanistan vs Sri Lanka,Afghanistan,Kasun Rajitha,10.0,48,1,4.8,2,0,ODI # 4687
Afghanistan vs Sri Lanka,Afghanistan,Angelo Mathews,3.0,18,0,6.0,0,0,ODI # 4687
Afghanistan vs Sri Lanka,Afghanistan,Dushmantha Chameera,9.2,51,0,5.46,0,0,ODI # 4687
Afghanistan vs Sri Lanka,Afghanistan,Maheesh Theekshana,10.0,55,0,5.5,3,0,ODI # 4687
Afghanistan vs Sri Lanka,Afghanistan,Dhananjaya de Silva,4.0,21,0,5.25,0,0,ODI # 4687
India vs England,India,David Willey,10.0,45,3,4.5,0,0,ODI # 4686
India vs England,India,Chris Woakes,9.0,33,2,3.66,1,0,ODI # 4686
India vs England,India,Adil Rashid,10.0,35,2,3.5,0,0,ODI # 4686
India vs England,India,Mark Wood,9.0,46,1,5.11,2,0,ODI # 4686
India vs England,India,Liam Livingstone,4.0,29,0,7.25,0,0,ODI # 4686
India vs England,India,Moeen Ali,8.0,37,0,4.62,0,0,ODI # 4686
India vs England,India,Jasprit Bumrah,6.5,32,3,4.68,2,0,ODI # 4686
India vs England,India,Mohammed Siraj,6.0,33,0,5.5,2,0,ODI # 4686
India vs England,India,Mohammed Shami,7.0,22,4,3.14,2,0,ODI # 4686
India vs England,India,Kuldeep Yadav,8.0,24,2,3.0,0,0,ODI # 4686
India vs England,India,Ravindra Jadeja,7.0,16,1,2.28,0,0,ODI # 4686
Bangladesh vs Netherlands,Netherlands,Shoriful Islam,10.0,51,2,5.1,3,0,ODI # 4685
Bangladesh vs Netherlands,Netherlands,Taskin Ahmed,9.0,43,2,4.77,1,0,ODI # 4685
Bangladesh vs Netherlands,Netherlands,Shakib Al Hasan,10.0,37,1,3.7,0,0,ODI # 4685
Bangladesh vs Netherlands,Netherlands,Mehidy Hasan Miraz,4.0,17,0,4.25,0,0,ODI # 4685
Bangladesh vs Netherlands,Netherlands,Mustafizur Rahman,10.0,36,2,3.6,1,0,ODI # 4685
Bangladesh vs Netherlands,Netherlands,Mahedi Hasan,7.0,40,2,5.71,1,0,ODI # 4685
Bangladesh vs Netherlands,Netherlands,Aryan Dutt,10.0,26,1,2.6,0,0,ODI # 4685
Bangladesh vs Netherlands,Netherlands,Logan van Beek,9.0,30,1,3.33,4,0,ODI # 4685
Bangladesh vs Netherlands,Netherlands,Colin Ackermann,7.0,25,1,3.57,0,0,ODI # 4685
Bangladesh vs Netherlands,Netherlands,Paul van Meekeren,7.2,23,4,3.13,2,0,ODI # 4685
Bangladesh vs Netherlands,Netherlands,Bas de Leede,7.0,25,2,3.57,0,0,ODI # 4685
Bangladesh vs Netherlands,Netherlands,Shariz Ahmad,2.0,13,0,6.5,0,0,ODI # 4685
Australia vs New Zealand,Australia,Matt Henry,6.2,67,1,10.57,2,2,ODI # 4684
Australia vs New Zealand,Australia,Trent Boult,10.0,77,3,7.7,3,0,ODI # 4684
Australia vs New Zealand,Australia,Lockie Ferguson,3.0,38,0,12.66,0,0,ODI # 4684
Australia vs New Zealand,Australia,Mitchell Santner,10.0,80,2,8.0,1,0,ODI # 4684
Australia vs New Zealand,Australia,Glenn Phillips,10.0,37,3,3.7,0,0,ODI # 4684
Australia vs New Zealand,Australia,Rachin Ravindra,8.0,56,0,7.0,0,0,ODI # 4684
Australia vs New Zealand,Australia,James Neesham,2.0,32,1,16.0,0,0,ODI # 4684
Australia vs New Zealand,Australia,Mitchell Starc,9.0,89,0,9.88,9,0,ODI # 4684
Australia vs New Zealand,Australia,Josh Hazlewood,9.0,70,2,7.77,1,0,ODI # 4684
Australia vs New Zealand,Australia,Pat Cummins,10.0,66,2,6.6,3,0,ODI # 4684
Australia vs New Zealand,Australia,Glenn Maxwell,10.0,62,1,6.2,0,0,ODI # 4684
Australia vs New Zealand,Australia,Adam Zampa,10.0,74,3,7.4,0,0,ODI # 4684
Australia vs New Zealand,Australia,Mitchell Marsh,2.0,18,0,9.0,1,0,ODI # 4684
Pakistan vs South Africa,South Africa,Marco Jansen,9.0,43,3,4.77,6,2,ODI # 4683
Pakistan vs South Africa,South Africa,Lungi Ngidi,7.4,45,1,5.86,3,0,ODI # 4683
Pakistan vs South Africa,South Africa,Aiden Markram,4.0,20,0,5.0,0,0,ODI # 4683
Pakistan vs South Africa,South Africa,Keshav Maharaj,9.0,56,0,6.22,0,0,ODI # 4683
Pakistan vs South Africa,South Africa,Gerald Coetzee,7.0,42,2,6.0,1,0,ODI # 4683
Pakistan vs South Africa,South Africa,Tabraiz Shamsi,10.0,60,4,6.0,1,2,ODI # 4683
Pakistan vs South Africa,South Africa,Iftikhar Ahmed,3.0,23,0,7.66,1,0,ODI # 4683
Pakistan vs South Africa,South Africa,Shaheen Shah Afridi,10.0,45,3,4.5,3,0,ODI # 4683
Pakistan vs South Africa,South Africa,Mohammad Nawaz,6.2,40,0,6.31,0,0,ODI # 4683
Pakistan vs South Africa,South Africa,Haris Rauf,10.0,62,2,6.2,2,0,ODI # 4683
Pakistan vs South Africa,South Africa,Mohammad Wasim,10.0,50,2,5.0,3,0,ODI # 4683
Pakistan vs South Africa,South Africa,Usama Mir,8.0,45,2,5.62,1,0,ODI # 4683
England vs Sri Lanka,Sri Lanka,Dilshan Madushanka,5.0,37,0,7.4,0,0,ODI # 4682
England vs Sri Lanka,Sri Lanka,Kasun Rajitha,7.0,36,2,5.14,1,0,ODI # 4682
England vs Sri Lanka,Sri Lanka,Maheesh Theekshana,8.2,21,1,2.52,3,0,ODI # 4682
England vs Sri Lanka,Sri Lanka,Angelo Mathews,5.0,14,2,2.8,0,0,ODI # 4682
England vs Sri Lanka,Sri Lanka,Lahiru Kumara,7.0,35,3,5.0,0,0,ODI # 4682
England vs Sri Lanka,Sri Lanka,Dhananjaya de Silva,1.0,10,0,10.0,0,0,ODI # 4682
England vs Sri Lanka,Sri Lanka,Chris Woakes,6.0,30,0,5.0,2,0,ODI # 4682
England vs Sri Lanka,Sri Lanka,David Willey,5.0,30,2,6.0,1,0,ODI # 4682
England vs Sri Lanka,Sri Lanka,Adil Rashid,4.4,39,0,8.35,0,0,ODI # 4682
England vs Sri Lanka,Sri Lanka,Mark Wood,4.0,23,0,5.75,0,0,ODI # 4682
England vs Sri Lanka,Sri Lanka,Liam Livingstone,3.0,17,0,5.66,0,0,ODI # 4682
England vs Sri Lanka,Sri Lanka,Moeen Ali,3.0,21,0,7.0,0,0,ODI # 4682
Australia vs Netherlands,Australia,Aryan Dutt,7.0,59,1,8.42,0,0,ODI # 4681
Australia vs Netherlands,Australia,Colin Ackermann,4.0,19,0,4.75,0,0,ODI # 4681
Australia vs Netherlands,Australia,Logan van Beek,10.0,74,4,7.4,5,0,ODI # 4681
Australia vs Netherlands,Australia,Paul van Meekeren,10.0,64,0,6.4,3,0,ODI # 4681
Australia vs Netherlands,Australia,Vikramjit Singh,4.0,27,0,6.75,1,0,ODI # 4681
Australia vs Netherlands,Australia,Roelof van der Merwe,5.0,41,0,8.2,1,0,ODI # 4681
Australia vs Netherlands,Australia,Bas de Leede,10.0,115,2,11.5,1,1,ODI # 4681
Australia vs Netherlands,Australia,Mitchell Starc,4.0,22,1,5.5,2,0,ODI # 4681
Australia vs Netherlands,Australia,Josh Hazlewood,6.0,27,1,4.5,2,0,ODI # 4681
Australia vs Netherlands,Australia,Pat Cummins,4.0,14,1,3.5,0,0,ODI # 4681
Australia vs Netherlands,Australia,Mitchell Marsh,4.0,19,2,4.75,3,0,ODI # 4681
Australia vs Netherlands,Australia,Adam Zampa,3.0,8,4,2.66,0,0,ODI # 4681
Bangladesh vs South Africa,South Africa,Mustafizur Rahman,9.0,76,0,8.44,2,0,ODI # 4680
Bangladesh vs South Africa,South Africa,Mehidy Hasan Miraz,9.0,44,1,4.88,2,0,ODI # 4680
Bangladesh vs South Africa,South Africa,Shoriful Islam,9.0,76,1,8.44,0,0,ODI # 4680
Bangladesh vs South Africa,South Africa,Shakib Al Hasan,9.0,69,1,7.66,1,0,ODI # 4680
Bangladesh vs South Africa,South Africa,Hasan Mahmud,6.0,67,2,11.16,1,0,ODI # 4680
Bangladesh vs South Africa,South Africa,Nasum Ahmed,5.0,27,0,5.4,0,0,ODI # 4680
Bangladesh vs South Africa,South Africa,Mahmudullah,3.0,20,0,6.66,1,0,ODI # 4680
Bangladesh vs South Africa,South Africa,Marco Jansen,8.0,39,2,4.87,5,0,ODI # 4680
Bangladesh vs South Africa,South Africa,Lizaad Williams,8.4,56,2,6.46,5,0,ODI # 4680
Bangladesh vs South Africa,South Africa,Gerald Coetzee,10.0,62,3,6.2,1,1,ODI # 4680
Bangladesh vs South Africa,South Africa,Kagiso Rabada,10.0,42,2,4.2,0,1,ODI # 4680
Bangladesh vs South Africa,South Africa,Keshav Maharaj,10.0,32,1,3.2,1,0,ODI # 4680
Afghanistan vs Pakistan,Afghanistan,Naveen-ul-Haq,7.0,52,2,7.42,3,0,ODI # 4679
Afghanistan vs Pakistan,Afghanistan,Mujeeb Ur Rahman,8.0,55,0,6.87,0,0,ODI # 4679
Afghanistan vs Pakistan,Afghanistan,Mohammad Nabi,10.0,31,1,3.1,0,0,ODI # 4679
Afghanistan vs Pakistan,Afghanistan,Azmatullah Omarzai,5.0,50,1,10.0,3,0,ODI # 4679
Afghanistan vs Pakistan,Afghanistan,Rashid Khan,10.0,41,0,4.1,0,0,ODI # 4679
Afghanistan vs Pakistan,Afghanistan,Noor Ahmad,10.0,49,3,4.9,4,1,ODI # 4679
Afghanistan vs Pakistan,Afghanistan,Shaheen Shah Afridi,10.0,58,1,5.8,2,0,ODI # 4679
Afghanistan vs Pakistan,Afghanistan,Hasan Ali,10.0,44,1,4.4,1,0,ODI # 4679
Afghanistan vs Pakistan,Afghanistan,Haris Rauf,8.0,53,0,6.62,3,0,ODI # 4679
Afghanistan vs Pakistan,Afghanistan,Usama Mir,8.0,55,0,6.87,2,1,ODI # 4679
Afghanistan vs Pakistan,Afghanistan,Shadab Khan,8.0,49,0,6.12,0,0,ODI # 4679
Afghanistan vs Pakistan,Afghanistan,Iftikhar Ahmed,5.0,27,0,5.4,0,0,ODI # 4679
India vs New Zealand,India,Jasprit Bumrah,10.0,45,1,4.5,0,0,ODI # 4678
India vs New Zealand,India,Mohammed Siraj,10.0,45,1,4.5,4,0,ODI # 4678
India vs New Zealand,India,Mohammed Shami,10.0,54,5,5.4,0,0,ODI # 4678
India vs New Zealand,India,Ravindra Jadeja,10.0,48,0,4.8,0,0,ODI # 4678
India vs New Zealand,India,Kuldeep Yadav,10.0,73,2,7.3,3,0,ODI # 4678
India vs New Zealand,India,Trent Boult,10.0,60,1,6.0,1,0,ODI # 4678
India vs New Zealand,India,Matt Henry,9.0,55,1,6.11,0,0,ODI # 4678
India vs New Zealand,India,Mitchell Santner,10.0,37,1,3.7,0,0,ODI # 4678
India vs New Zealand,India,Lockie Ferguson,8.0,63,2,7.87,2,0,ODI # 4678
India vs New Zealand,India,Rachin Ravindra,9.0,46,0,5.11,1,0,ODI # 4678
India vs New Zealand,India,Glenn Phillips,2.0,12,0,6.0,0,0,ODI # 4678
England vs South Africa,South Africa,Reece Topley,8.5,88,3,9.96,4,0,ODI # 4677
England vs South Africa,South Africa,David Willey,9.0,61,0,6.77,3,1,ODI # 4677
England vs South Africa,South Africa,Joe Root,6.1,48,0,7.78,0,0,ODI # 4677
England vs South Africa,South Africa,Gus Atkinson,9.0,60,2,6.66,1,0,ODI # 4677
England vs South Africa,South Africa,Mark Wood,7.0,76,0,10.85,1,0,ODI # 4677
England vs South Africa,South Africa,Adil Rashid,10.0,61,2,6.1,0,0,ODI # 4677
England vs South Africa,South Africa,Lungi Ngidi,5.0,26,2,5.2,3,0,ODI # 4677
England vs South Africa,South Africa,Marco Jansen,5.0,35,2,7.0,1,0,ODI # 4677
England vs South Africa,South Africa,Kagiso Rabada,6.0,38,1,6.33,0,1,ODI # 4677
England vs South Africa,South Africa,Gerald Coetzee,4.0,35,3,8.75,1,0,ODI # 4677
England vs South Africa,South Africa,Keshav Maharaj,2.0,27,1,13.5,0,0,ODI # 4677
Netherlands vs Sri Lanka,Sri Lanka,Dilshan Madushanka,9.4,49,4,5.06,3,1,ODI # 4676
Netherlands vs Sri Lanka,Sri Lanka,Kasun Rajitha,9.0,50,4,5.55,6,0,ODI # 4676
Netherlands vs Sri Lanka,Sri Lanka,Chamika Karunaratne,9.0,58,0,6.44,6,0,ODI # 4676
Netherlands vs Sri Lanka,Sri Lanka,Maheesh Theekshana,10.0,44,1,4.4,2,0,ODI # 4676
Netherlands vs Sri Lanka,Sri Lanka,Dushan Hemantha,8.0,42,0,5.25,0,0,ODI # 4676
Netherlands vs Sri Lanka,Sri Lanka,Dhananjaya de Silva,4.0,13,0,3.25,3,0,ODI # 4676
Netherlands vs Sri Lanka,Sri Lanka,Aryan Dutt,10.0,44,3,4.4,2,0,ODI # 4676
Netherlands vs Sri Lanka,Sri Lanka,Logan van Beek,10.0,57,0,5.7,0,0,ODI # 4676
Netherlands vs Sri Lanka,Sri Lanka,Paul van Meekeren,8.0,39,1,4.87,2,0,ODI # 4676
Netherlands vs Sri Lanka,Sri Lanka,Bas de Leede,3.0,29,0,9.66,2,0,ODI # 4676
Netherlands vs Sri Lanka,Sri Lanka,Roelof van der Merwe,9.0,42,0,4.66,1,0,ODI # 4676
Netherlands vs Sri Lanka,Sri Lanka,Colin Ackermann,8.2,39,1,4.68,0,0,ODI # 4676
Australia vs Pakistan,Australia,Shaheen Shah Afridi,10.0,54,5,5.4,3,0,ODI # 4675
Australia vs Pakistan,Australia,Hasan Ali,8.0,57,0,7.12,3,0,ODI # 4675
Australia vs Pakistan,Australia,Iftikhar Ahmed,8.0,37,0,4.62,2,0,ODI # 4675
Australia vs Pakistan,Australia,Haris Rauf,8.0,83,3,10.37,3,0,ODI # 4675
Australia vs Pakistan,Australia,Usama Mir,9.0,82,1,9.11,2,0,ODI # 4675
Australia vs Pakistan,Australia,Mohammad Nawaz,7.0,43,0,6.14,0,0,ODI # 4675
Australia vs Pakistan,Australia,Mitchell Starc,8.0,65,1,8.12,6,0,ODI # 4675
Australia vs Pakistan,Australia,Josh Hazlewood,10.0,37,1,3.7,1,0,ODI # 4675
Australia vs Pakistan,Australia,Pat Cummins,7.3,62,2,8.26,0,0,ODI # 4675
Australia vs Pakistan,Australia,Adam Zampa,10.0,53,4,5.3,1,0,ODI # 4675
Australia vs Pakistan,Australia,Glenn Maxwell,5.0,40,0,8.0,0,0,ODI # 4675
Australia vs Pakistan,Australia,Marcus Stoinis,5.0,40,2,8.0,3,0,ODI # 4675
India vs Bangladesh,India,Jasprit Bumrah,10.0,41,2,4.1,1,0,ODI # 4674
India vs Bangladesh,India,Mohammed Siraj,10.0,60,2,6.0,3,0,ODI # 4674
India vs Bangladesh,India,Hardik Pandya,0.3,8,0,16.0,0,0,ODI # 4674
India vs Bangladesh,India,Virat Kohli,0.3,2,0,4.0,0,0,ODI # 4674
India vs Bangladesh,India,Shardul Thakur,9.0,59,1,6.55,0,0,ODI # 4674
India vs Bangladesh,India,Kuldeep Yadav,10.0,47,1,4.7,1,0,ODI # 4674
India vs Bangladesh,India,Ravindra Jadeja,10.0,38,2,3.8,0,0,ODI # 4674
India vs Bangladesh,India,Shoriful Islam,8.0,54,0,6.75,0,0,ODI # 4674
India vs Bangladesh,India,Mustafizur Rahman,5.0,29,0,5.8,0,0,ODI # 4674
India vs Bangladesh,India,Nasum Ahmed,9.3,60,0,6.31,0,0,ODI # 4674
India vs Bangladesh,India,Hasan Mahmud,8.0,65,1,8.12,1,2,ODI # 4674
India vs Bangladesh,India,Mehidy Hasan Miraz,10.0,47,2,4.7,1,0,ODI # 4674
India vs Bangladesh,India,Mahmudullah,1.0,6,0,6.0,0,0,ODI # 4674
Afghanistan vs New Zealand,New Zealand,Mujeeb Ur Rahman,10.0,57,1,5.7,1,0,ODI # 4673
Afghanistan vs New Zealand,New Zealand,Fazalhaq Farooqi,7.0,39,0,5.57,2,0,ODI # 4673
Afghanistan vs New Zealand,New Zealand,Naveen-ul-Haq,8.0,48,2,6.0,0,0,ODI # 4673
Afghanistan vs New Zealand,New Zealand,Mohammad Nabi,8.0,41,0,5.12,0,0,ODI # 4673
Afghanistan vs New Zealand,New Zealand,Rashid Khan,10.0,43,1,4.3,2,0,ODI # 4673
Afghanistan vs New Zealand,New Zealand,Azmatullah Omarzai,7.0,56,2,8.0,0,1,ODI # 4673
Afghanistan vs New Zealand,New Zealand,Trent Boult,7.0,18,2,2.57,2,0,ODI # 4673
Afghanistan vs New Zealand,New Zealand,Matt Henry,5.0,16,1,3.2,0,0,ODI # 4673
Afghanistan vs New Zealand,New Zealand,Mitchell Santner,7.4,39,3,5.08,1,0,ODI # 4673
Afghanistan vs New Zealand,New Zealand,Lockie Ferguson,7.0,19,3,2.71,1,0,ODI # 4673
Afghanistan vs New Zealand,New Zealand,Glenn Phillips,3.0,13,0,4.33,1,0,ODI # 4673
Afghanistan vs New Zealand,New Zealand,Rachin Ravindra,5.0,34,1,6.8,0,0,ODI # 4673
Netherlands vs South Africa,Netherlands,Lungi Ngidi,9.0,57,2,6.33,6,1,ODI # 4672
Netherlands vs South Africa,Netherlands,Marco Jansen,8.0,27,2,3.37,6,0,ODI # 4672
Netherlands vs South Africa,Netherlands,Kagiso Rabada,9.0,56,2,6.22,3,0,ODI # 4672
Netherlands vs South Africa,Netherlands,Gerald Coetzee,8.0,57,1,7.12,2,0,ODI # 4672
Netherlands vs South Africa,Netherlands,Keshav Maharaj,9.0,38,1,4.22,0,0,ODI # 4672
Netherlands vs South Africa,Netherlands,Aryan Dutt,5.0,19,0,3.8,0,0,ODI # 4672
Netherlands vs South Africa,Netherlands,Logan van Beek,8.5,60,3,6.79,1,1,ODI # 4672
Netherlands vs South Africa,Netherlands,Colin Ackermann,3.0,16,1,5.33,0,0,ODI # 4672
Netherlands vs South Africa,Netherlands,Paul van Meekeren,9.0,40,2,4.44,0,0,ODI # 4672
Netherlands vs South Africa,Netherlands,Roelof van der Merwe,9.0,34,2,3.77,0,0,ODI # 4672
Netherlands vs South Africa,Netherlands,Bas de Leede,8.0,36,2,4.5,4,0,ODI # 4672
Australia vs Sri Lanka,Australia,Mitchell Starc,10.0,43,2,4.3,4,0,ODI # 4671
Australia vs Sri Lanka,Australia,Josh Hazlewood,7.0,36,0,5.14,1,0,ODI # 4671
Australia vs Sri Lanka,Australia,Pat Cummins,7.0,32,2,4.57,1,0,ODI # 4671
Australia vs Sri Lanka,Australia,Glenn Maxwell,9.3,36,1,3.78,1,0,ODI # 4671
Australia vs Sri Lanka,Australia,Adam Zampa,8.0,47,4,5.87,2,0,ODI # 4671
Australia vs Sri Lanka,Australia,Marcus Stoinis,2.0,11,0,5.5,0,0,ODI # 4671
Australia vs Sri Lanka,Australia,Lahiru Kumara,4.0,47,0,11.75,0,0,ODI # 4671
Australia vs Sri Lanka,Australia,Dilshan Madushanka,9.0,38,3,4.22,1,0,ODI # 4671
Australia vs Sri Lanka,Australia,Maheesh Theekshana,7.0,49,0,7.0,0,0,ODI # 4671
Australia vs Sri Lanka,Australia,Dunith Wellalage,9.2,53,1,5.67,0,0,ODI # 4671
Australia vs Sri Lanka,Australia,Chamika Karunaratne,3.0,15,0,5.0,2,0,ODI # 4671
Australia vs Sri Lanka,Australia,Dhananjaya de Silva,3.0,13,0,4.33,0,0,ODI # 4671
Afghanistan vs England,Afghanistan,Chris Woakes,4.0,41,0,10.25,2,0,ODI # 4670
Afghanistan vs England,Afghanistan,Reece Topley,8.5,52,1,5.88,3,1,ODI # 4670
Afghanistan vs England,Afghanistan,Sam Curran,4.0,46,0,11.5,0,2,ODI # 4670
Afghanistan vs England,Afghanistan,Adil Rashid,10.0,42,3,4.2,1,0,ODI # 4670
Afghanistan vs England,Afghanistan,Mark Wood,9.0,50,2,5.55,0,0,ODI # 4670
Afghanistan vs England,Afghanistan,Liam Livingstone,10.0,33,1,3.3,0,0,ODI # 4670
Afghanistan vs England,Afghanistan,Joe Root,4.0,19,1,4.75,0,0,ODI # 4670
Afghanistan vs England,Afghanistan,Mujeeb Ur Rahman,10.0,51,3,5.1,1,0,ODI # 4670
Afghanistan vs England,Afghanistan,Fazalhaq Farooqi,7.0,50,1,7.14,2,0,ODI # 4670
Afghanistan vs England,Afghanistan,Naveen-ul-Haq,6.0,44,1,7.33,0,1,ODI # 4670
Afghanistan vs England,Afghanistan,Mohammad Nabi,6.0,16,2,2.66,1,0,ODI # 4670
Afghanistan vs England,Afghanistan,Rashid Khan,9.3,37,3,3.89,0,0,ODI # 4670
Afghanistan vs England,Afghanistan,Azmatullah Omarzai,2.0,13,0,6.5,0,0,ODI # 4670
India vs Pakistan,India,Jasprit Bumrah,7.0,19,2,2.71,1,0,ODI # 4669
India vs Pakistan,India,Mohammed Siraj,8.0,50,2,6.25,0,0,ODI # 4669
India vs Pakistan,India,Hardik Pandya,6.0,34,2,5.66,0,0,ODI # 4669
India vs Pakistan,India,Kuldeep Yadav,10.0,35,2,3.5,0,0,ODI # 4669
India vs Pakistan,India,Ravindra Jadeja,9.5,38,2,3.86,0,0,ODI # 4669
India vs Pakistan,India,Shardul Thakur,2.0,12,0,6.0,0,0,ODI # 4669
India vs Pakistan,India,Shaheen Shah Afridi,6.0,36,2,6.0,1,0,ODI # 4669
India vs Pakistan,India,Hasan Ali,6.0,34,1,5.66,0,0,ODI # 4669
India vs Pakistan,India,Mohammad Nawaz,8.3,47,0,5.52,0,0,ODI # 4669
India vs Pakistan,India,Haris Rauf,6.0,43,0,7.16,0,0,ODI # 4669
India vs Pakistan,India,Shadab Khan,4.0,31,0,7.75,0,0,ODI # 4669
Bangladesh vs New Zealand,New Zealand,Trent Boult,10.0,45,2,4.5,2,0,ODI # 4668
Bangladesh vs New Zealand,New Zealand,Matt Henry,10.0,58,2,5.8,0,1,ODI # 4668
Bangladesh vs New Zealand,New Zealand,Lockie Ferguson,10.0,49,3,4.9,2,2,ODI # 4668
Bangladesh vs New Zealand,New Zealand,Mitchell Santner,10.0,31,1,3.1,0,0,ODI # 4668
Bangladesh vs New Zealand,New Zealand,Glenn Phillips,2.0,13,1,6.5,0,1,ODI # 4668
Bangladesh vs New Zealand,New Zealand,Rachin Ravindra,7.0,37,0,5.28,0,0,ODI # 4668
Bangladesh vs New Zealand,New Zealand,Daryl Mitchell,1.0,11,0,11.0,0,0,ODI # 4668
Bangladesh vs New Zealand,New Zealand,Mustafizur Rahman,8.0,36,1,4.5,3,0,ODI # 4668
Bangladesh vs New Zealand,New Zealand,Shoriful Islam,7.5,43,0,5.48,3,0,ODI # 4668
Bangladesh vs New Zealand,New Zealand,Taskin Ahmed,8.0,56,0,7.0,3,0,ODI # 4668
Bangladesh vs New Zealand,New Zealand,Shakib Al Hasan,10.0,54,1,5.4,0,0,ODI # 4668
Bangladesh vs New Zealand,New Zealand,Mehidy Hasan Miraz,9.0,58,0,6.44,1,0,ODI # 4668
Australia vs South Africa,South Africa,Mitchell Starc,9.0,53,2,5.88,1,0,ODI # 4667
Australia vs South Africa,South Africa,Josh Hazlewood,9.0,60,1,6.66,3,0,ODI # 4667
Australia vs South Africa,South Africa,Glenn Maxwell,10.0,34,2,3.4,2,0,ODI # 4667
Australia vs South Africa,South Africa,Pat Cummins,9.0,71,1,7.88,0,0,ODI # 4667
Australia vs South Africa,South Africa,Adam Zampa,10.0,70,1,7.0,1,0,ODI # 4667
Australia vs South Africa,South Africa,Mitchell Marsh,1.0,6,0,6.0,0,0,ODI # 4667
Australia vs South Africa,South Africa,Marcus Stoinis,2.0,11,0,5.5,0,0,ODI # 4667
Australia vs South Africa,South Africa,Lungi Ngidi,8.0,18,1,2.25,1,0,ODI # 4667
Australia vs South Africa,South Africa,Marco Jansen,7.0,54,2,7.71,3,1,ODI # 4667
Australia vs South Africa,South Africa,Kagiso Rabada,8.0,33,3,4.12,1,1,ODI # 4667
Australia vs South Africa,South Africa,Keshav Maharaj,10.0,30,2,3.0,2,0,ODI # 4667
Australia vs South Africa,South Africa,Tabraiz Shamsi,7.5,38,2,4.85,0,0,ODI # 4667
India vs Afghanistan,India,Jasprit Bumrah,10.0,39,4,3.9,3,0,ODI # 4666
India vs Afghanistan,India,Mohammed Siraj,9.0,76,0,8.44,1,0,ODI # 4666
India vs Afghanistan,India,Hardik Pandya,7.0,43,2,6.14,2,0,ODI # 4666
India vs Afghanistan,India,Shardul Thakur,6.0,31,1,5.16,1,1,ODI # 4666
India vs Afghanistan,India,Kuldeep Yadav,10.0,40,1,4.0,0,0,ODI # 4666
India vs Afghanistan,India,Ravindra Jadeja,8.0,38,0,4.75,0,1,ODI # 4666
India vs Afghanistan,India,Fazalhaq Farooqi,6.0,50,0,8.33,1,0,ODI # 4666
India vs Afghanistan,India,Mujeeb Ur Rahman,8.0,64,0,8.0,3,0,ODI # 4666
India vs Afghanistan,India,Naveen-ul-Haq,5.0,31,0,6.2,0,0,ODI # 4666
India vs Afghanistan,India,Azmatullah Omarzai,4.0,34,0,8.5,1,0,ODI # 4666
India vs Afghanistan,India,Mohammad Nabi,4.0,32,0,8.0,0,0,ODI # 4666
India vs Afghanistan,India,Rashid Khan,8.0,57,2,7.12,1,0,ODI # 4666
Pakistan vs Sri Lanka,Pakistan,Shaheen Shah Afridi,9.0,66,1,7.33,4,0,ODI # 4665
Pakistan vs Sri Lanka,Pakistan,Hasan Ali,10.0,71,4,7.1,3,1,ODI # 4665
Pakistan vs Sri Lanka,Pakistan,Mohammad Nawaz,9.0,62,1,6.88,0,0,ODI # 4665
Pakistan vs Sri Lanka,Pakistan,Haris Rauf,10.0,64,2,6.4,1,0,ODI # 4665
Pakistan vs Sri Lanka,Pakistan,Shadab Khan,8.0,55,1,6.87,0,0,ODI # 4665
Pakistan vs Sri Lanka,Pakistan,Iftikhar Ahmed,4.0,22,0,5.5,1,0,ODI # 4665
Pakistan vs Sri Lanka,Pakistan,Maheesh Theekshana,10.0,59,1,5.9,1,0,ODI # 4665
Pakistan vs Sri Lanka,Pakistan,Dilshan Madushanka,9.2,60,2,6.42,2,1,ODI # 4665
Pakistan vs Sri Lanka,Pakistan,Dasun Shanaka,5.0,28,0,5.6,0,0,ODI # 4665
Pakistan vs Sri Lanka,Pakistan,Matheesha Pathirana,9.0,90,1,10.0,9,0,ODI # 4665
Pakistan vs Sri Lanka,Pakistan,Dunith Wellalage,10.0,62,0,6.2,0,0,ODI # 4665
Pakistan vs Sri Lanka,Pakistan,Dhananjaya de Silva,4.0,36,0,9.0,0,0,ODI # 4665
Pakistan vs Sri Lanka,Pakistan,Charith Asalanka,1.0,10,0,10.0,0,0,ODI # 4665
Bangladesh vs England,England,Mustafizur Rahman,10.0,70,0,7.0,0,0,ODI # 4664
Bangladesh vs England,England,Taskin Ahmed,6.0,38,1,6.33,2,0,ODI # 4664
Bangladesh vs England,England,Shoriful Islam,10.0,75,3,7.5,1,0,ODI # 4664
Bangladesh vs England,England,Mahedi Hasan,8.0,71,4,8.87,0,0,ODI # 4664
Bangladesh vs England,England,Shakib Al Hasan,10.0,52,1,5.2,1,0,ODI # 4664
Bangladesh vs England,England,Mehidy Hasan Miraz,6.0,55,0,9.16,0,0,ODI # 4664
Bangladesh vs England,England,Chris Woakes,8.0,49,2,6.12,0,0,ODI # 4664
Bangladesh vs England,England,Reece Topley,10.0,43,4,4.3,0,0,ODI # 4664
Bangladesh vs England,England,Sam Curran,7.2,47,1,6.4,2,0,ODI # 4664
Bangladesh vs England,England,Mark Wood,10.0,29,1,2.9,1,0,ODI # 4664
Bangladesh vs England,England,Adil Rashid,10.0,42,1,4.2,0,0,ODI # 4664
Bangladesh vs England,England,Liam Livingstone,3.0,13,1,4.33,0,0,ODI # 4664
Netherlands vs New Zealand,New Zealand,Aryan Dutt,10.0,62,2,6.2,1,0,ODI # 4663
Netherlands vs New Zealand,New Zealand,Ryan Klein,7.0,41,0,5.85,1,0,ODI # 4663
Netherlands vs New Zealand,New Zealand,Paul van Meekeren,9.0,59,2,6.55,0,1,ODI # 4663
Netherlands vs New Zealand,New Zealand,Roelof van der Merwe,9.0,56,2,6.22,0,0,ODI # 4663
Netherlands vs New Zealand,New Zealand,Colin Ackermann,4.0,28,0,7.0,0,0,ODI # 4663
Netherlands vs New Zealand,New Zealand,Bas de Leede,10.0,64,1,6.4,0,1,ODI # 4663
Netherlands vs New Zealand,New Zealand,Vikramjit Singh,1.0,9,0,9.0,0,0,ODI # 4663
Netherlands vs New Zealand,New Zealand,Trent Boult,8.0,34,0,4.25,1,0,ODI # 4663
Netherlands vs New Zealand,New Zealand,Matt Henry,8.3,40,3,4.7,0,0,ODI # 4663
Netherlands vs New Zealand,New Zealand,Mitchell Santner,10.0,59,5,5.9,0,0,ODI # 4663
Netherlands vs New Zealand,New Zealand,Lockie Ferguson,8.0,32,0,4.0,0,0,ODI # 4663
Netherlands vs New Zealand,New Zealand,Rachin Ravindra,10.0,46,1,4.6,0,1,ODI # 4663
Netherlands vs New Zealand,New Zealand,Glenn Phillips,2.0,11,0,5.5,0,0,ODI # 4663
India vs Australia,India,Jasprit Bumrah,10.0,35,2,3.5,4,0,ODI # 4662
India vs Australia,India,Mohammed Siraj,6.3,26,1,4.0,2,0,ODI # 4662
India vs Australia,India,Hardik Pandya,3.0,28,1,9.33,0,0,ODI # 4662
India vs Australia,India,Ravichandran Ashwin,10.0,34,1,3.4,0,0,ODI # 4662
India vs Australia,India,Kuldeep Yadav,10.0,42,2,4.2,0,0,ODI # 4662
India vs Australia,India,Ravindra Jadeja,10.0,28,3,2.8,0,0,ODI # 4662
India vs Australia,India,Mitchell Starc,8.0,31,1,3.87,3,0,ODI # 4662
India vs Australia,India,Josh Hazlewood,9.0,38,3,4.22,1,0,ODI # 4662
India vs Australia,India,Pat Cummins,6.2,33,0,5.21,1,1,ODI # 4662
India vs Australia,India,Glenn Maxwell,8.0,33,0,4.12,0,0,ODI # 4662
India vs Australia,India,Cameron Green,2.0,11,0,5.5,0,0,ODI # 4662
India vs Australia,India,Adam Zampa,8.0,53,0,6.62,0,0,ODI # 4662
South Africa vs Sri Lanka,South Africa,Kasun Rajitha,10.0,90,1,9.0,2,0,ODI # 4661
South Africa vs Sri Lanka,South Africa,Dilshan Madushanka,10.0,86,2,8.6,3,1,ODI # 4661
South Africa vs Sri Lanka,South Africa,Dasun Shanaka,6.0,36,0,6.0,0,0,ODI # 4661
South Africa vs Sri Lanka,South Africa,Dhananjaya de Silva,4.0,39,0,9.75,1,0,ODI # 4661
South Africa vs Sri Lanka,South Africa,Matheesha Pathirana,10.0,95,1,9.5,5,0,ODI # 4661
South Africa vs Sri Lanka,South Africa,Dunith Wellalage,10.0,81,1,8.1,2,0,ODI # 4661
South Africa vs Sri Lanka,South Africa,Lungi Ngidi,8.0,49,1,6.12,2,0,ODI # 4661
South Africa vs Sri Lanka,South Africa,Marco Jansen,10.0,92,2,9.2,3,0,ODI # 4661
South Africa vs Sri Lanka,South Africa,Kagiso Rabada,7.5,50,2,6.38,2,1,ODI # 4661
South Africa vs Sri Lanka,South Africa,Keshav Maharaj,10.0,62,2,6.2,2,0,ODI # 4661
South Africa vs Sri Lanka,South Africa,Gerald Coetzee,9.0,68,3,7.55,1,0,ODI # 4661
Afghanistan vs Bangladesh,Bangladesh,Taskin Ahmed,6.0,32,1,5.33,1,0,ODI # 4660
Afghanistan vs Bangladesh,Bangladesh,Shoriful Islam,6.2,34,2,5.36,2,0,ODI # 4660
Afghanistan vs Bangladesh,Bangladesh,Mustafizur Rahman,7.0,28,1,4.0,0,0,ODI # 4660
Afghanistan vs Bangladesh,Bangladesh,Shakib Al Hasan,8.0,30,3,3.75,0,0,ODI # 4660
Afghanistan vs Bangladesh,Bangladesh,Mehidy Hasan Miraz,9.0,25,3,2.77,1,0,ODI # 4660
Afghanistan vs Bangladesh,Bangladesh,Mahmudullah,1.0,7,0,7.0,0,0,ODI # 4660
Afghanistan vs Bangladesh,Bangladesh,Fazalhaq Farooqi,5.0,19,1,3.8,2,0,ODI # 4660
Afghanistan vs Bangladesh,Bangladesh,Mujeeb Ur Rahman,7.0,30,0,4.28,0,0,ODI # 4660
Afghanistan vs Bangladesh,Bangladesh,Naveen-ul-Haq,5.4,31,1,5.47,1,1,ODI # 4660
Afghanistan vs Bangladesh,Bangladesh,Rashid Khan,9.0,48,0,5.33,0,0,ODI # 4660
Afghanistan vs Bangladesh,Bangladesh,Mohammad Nabi,6.0,18,0,3.0,1,0,ODI # 4660
Afghanistan vs Bangladesh,Bangladesh,Azmatullah Omarzai,2.0,9,1,4.5,0,0,ODI # 4660
Netherlands vs Pakistan,Pakistan,Aryan Dutt,10.0,48,1,4.8,2,0,ODI # 4659
Netherlands vs Pakistan,Pakistan,Logan van Beek,6.0,30,1,5.0,1,0,ODI # 4659
Netherlands vs Pakistan,Pakistan,Colin Ackermann,8.0,39,2,4.87,0,0,ODI # 4659
Netherlands vs Pakistan,Pakistan,Paul van Meekeren,6.0,40,1,6.66,2,0,ODI # 4659
Netherlands vs Pakistan,Pakistan,Bas de Leede,9.0,62,4,6.88,3,0,ODI # 4659
Netherlands vs Pakistan,Pakistan,Roelof van der Merwe,6.0,36,0,6.0,0,1,ODI # 4659
Netherlands vs Pakistan,Pakistan,Vikramjit Singh,2.0,16,0,8.0,0,0,ODI # 4659
Netherlands vs Pakistan,Pakistan,Saqib Zulfiqar,2.0,15,0,7.5,0,0,ODI # 4659
Netherlands vs Pakistan,Pakistan,Shaheen Shah Afridi,7.0,37,1,5.28,2,0,ODI # 4659
Netherlands vs Pakistan,Pakistan,Hasan Ali,7.0,33,2,4.71,4,0,ODI # 4659
Netherlands vs Pakistan,Pakistan,Haris Rauf,9.0,43,3,4.77,2,0,ODI # 4659
Netherlands vs Pakistan,Pakistan,Iftikhar Ahmed,3.0,16,1,5.33,0,0,ODI # 4659
Netherlands vs Pakistan,Pakistan,Mohammad Nawaz,7.0,31,1,4.42,0,0,ODI # 4659
Netherlands vs Pakistan,Pakistan,Shadab Khan,8.0,45,1,5.62,1,0,ODI # 4659
